{"acceptance":{"domain_shape_stable":true,"dynamic_gauss_closes":true,"energy_balance_closes":true,"magnetic_field_nonzero":true,"net_charge_neutral":true,"non_axis_aligned_transport":true,"norm_conserved":true,"packets_transport":true,"two_dimensional_convergence":true},"classification":{"does_not_establish":["a stable localized charged particle","full three-dimensional Maxwell-Dirac dynamics","electron identity, calibrated units, or fermionic quantization","unique CAT/EPT derivation of the 2D reduction"],"establishes":["two-dimensional transport of opposite-charge Dirac packets","two-component electric fields and magnetic curl back-reaction","dynamic two-dimensional Gauss monitoring and net neutrality","non-axis-aligned Poynting-capable transport","bounded refinement and domain-shape ledgers"]},"domain_shape_study":{"records":[{"emitted_energy":-5.563303615183485e-06,"final_separation":4.451018806605507,"half_width_x":18.0,"half_width_y":15.0,"max_energy_drift":1.7147906073074696e-08,"max_norm_drift":1.505465796469707e-08,"points_x":72,"points_y":60},{"emitted_energy":-5.4323641376376e-06,"final_separation":4.450962045977337,"half_width_x":18.0,"half_width_y":18.0,"max_energy_drift":1.7147931251810342e-08,"max_norm_drift":1.5054504087785858e-08,"points_x":72,"points_y":72},{"emitted_energy":-5.606533821956015e-06,"final_separation":4.45090777352852,"half_width_x":18.0,"half_width_y":21.0,"max_energy_drift":1.7147846359492995e-08,"max_norm_drift":1.505458446793284e-08,"points_x":72,"points_y":84}],"relative_spreads":{"emitted_energy":0.03147227496316307,"final_separation":2.4945855558873458e-05}},"long_run":{"absorbed_energy":4.4291561729584424e-05,"dt":0.020618556701030927,"emitted_energy":1.1227754461464382e-05,"final":{"absorbed_energy":4.4291561729584424e-05,"corrected_energy":1.4127637283929555,"emitted_energy":1.1227754461464382e-05,"field_energy":0.002352024037773867,"gauss_residual_absolute":1.4920249775040792e-08,"gauss_residual_relative":1.718999088709342e-05,"matter_energy":1.410367412793452,"max_magnetic_field":0.0077061094380318435,"minus_center_x":0.08082494050903263,"minus_center_y":0.8098379739794563,"minus_rms_radius":3.3607780270281093,"net_charge":-5.5162956234117155e-11,"norm":0.9999999942637925,"plus_center_x":-0.14689322605118804,"plus_center_y":-0.19974504715649508,"plus_rms_radius":3.3319768727412775,"time":8.0},"final_separation":1.0349461048516213,"grid":{"absorber_fraction":0.18,"absorber_strength":0.3,"dt_over_spacing":0.055,"final_time":8.0,"half_width_x":18.0,"half_width_y":18.0,"points_x":96,"points_y":96,"samples":65},"initial":{"absorbed_energy":0.0,"corrected_energy":1.4127637376302105,"emitted_energy":0.0,"field_energy":0.0022680106878748348,"gauss_residual_absolute":1.1709383462843448e-17,"gauss_residual_relative":1.7919807243271165e-15,"matter_energy":1.4104957269423357,"max_magnetic_field":0.003000000000105221,"minus_center_x":5.0,"minus_center_y":2.0000000000000004,"minus_rms_radius":2.1999999999999975,"net_charge":1.5612511283791264e-17,"norm":1.0,"plus_center_x":-5.0,"plus_center_y":-2.0,"plus_rms_radius":2.1999999999999997,"time":0.0},"initial_separation":10.770329614269007,"max_corrected_energy_relative_drift":6.5384286946883454e-09,"max_gauss_residual_absolute":1.4920249775040792e-08,"max_gauss_residual_relative":1.718999088709342e-05,"max_net_charge":5.5162956234117155e-11,"max_norm_drift":5.7362075089884e-09,"parameters":{"gauge_charge":0.2,"gauge_seed_amplitude":0.006,"gauge_seed_width":4.0,"mass":1.0,"momentum_x":0.95,"momentum_y":0.35,"packet_offset_x":5.0,"packet_offset_y":2.0,"packet_width":2.2,"soler_coupling":0.0},"steps":388},"model":"bounded 2+1D opposite-charge Maxwell-Dirac reduction","passed":true,"refinement":{"observed_order":8.186862682773866,"successive_spinor_l2_differences":[4.8139510433918326e-05,1.6520014775005588e-07],"summaries":[{"absorbed_energy":2.0577577050750214e-05,"dt":0.06060606060606061,"emitted_energy":-3.00824871121329e-08,"final":{"absorbed_energy":2.0577577050750214e-05,"corrected_energy":1.4127631999929366,"emitted_energy":-3.00824871121329e-08,"field_energy":0.0021263089250391793,"gauss_residual_absolute":1.6978870098069074e-06,"gauss_residual_relative":0.0003106689149644945,"matter_energy":1.4106163134908467,"max_magnetic_field":0.002713838940097614,"minus_center_x":3.806728267509489,"minus_center_y":1.6878186864885725,"minus_rms_radius":2.3462899771991985,"net_charge":-3.0173686771817892e-09,"norm":0.9999996856673837,"plus_center_x":-3.8221899807866873,"plus_center_y":-1.5419653856158995,"plus_rms_radius":2.338825214910526,"time":2.0},"final_separation":8.284437143922702,"grid":{"absorber_fraction":0.18,"absorber_strength":0.3,"dt_over_spacing":0.055,"final_time":2.0,"half_width_x":18.0,"half_width_y":18.0,"points_x":32,"points_y":32,"samples":25},"initial":{"absorbed_energy":0.0,"corrected_energy":1.4127637057512548,"emitted_energy":0.0,"field_energy":0.002268010687236759,"gauss_residual_absolute":9.7212365176777e-08,"gauss_residual_relative":1.5767304390691346e-05,"matter_energy":1.410495695064018,"max_magnetic_field":0.0030000000000998507,"minus_center_x":4.999999999999997,"minus_center_y":2.0000000000000013,"minus_rms_radius":2.1999999999999953,"net_charge":3.5128150388530344e-17,"norm":1.0,"plus_center_x":-5.0,"plus_center_y":-2.000000000000001,"plus_rms_radius":2.200000000000003,"time":0.0},"initial_separation":10.770329614269006,"max_corrected_energy_relative_drift":3.579921511683786e-07,"max_gauss_residual_absolute":1.6978870098069074e-06,"max_gauss_residual_relative":0.0003106689149644945,"max_net_charge":3.0173686771817892e-09,"max_norm_drift":3.1433261626911957e-07,"parameters":{"gauge_charge":0.2,"gauge_seed_amplitude":0.006,"gauge_seed_width":4.0,"mass":1.0,"momentum_x":0.95,"momentum_y":0.35,"packet_offset_x":5.0,"packet_offset_y":2.0,"packet_width":2.2,"soler_coupling":0.0},"steps":33},{"absorbed_energy":1.9340023641634096e-05,"dt":0.03076923076923077,"emitted_energy":-8.838494061869502e-08,"final":{"absorbed_energy":1.9340023641634096e-05,"corrected_energy":1.4127637205515935,"emitted_energy":-8.838494061869502e-08,"field_energy":0.002127547835625025,"gauss_residual_absolute":6.886653187813951e-10,"gauss_residual_relative":1.1574723038493654e-07,"matter_energy":1.4106168326923267,"max_magnetic_field":0.002989679364858705,"minus_center_x":3.806724593901647,"minus_center_y":1.6878179105619855,"minus_rms_radius":2.346290471191437,"net_charge":-1.0192604084965223e-10,"norm":0.999999989387764,"plus_center_x":-3.8221861721257624,"plus_center_y":-1.5419640719799188,"plus_rms_radius":2.3388255950182133,"time":2.0},"final_separation":8.284429439059833,"grid":{"absorber_fraction":0.18,"absorber_strength":0.3,"dt_over_spacing":0.055,"final_time":2.0,"half_width_x":18.0,"half_width_y":18.0,"points_x":64,"points_y":64,"samples":25},"initial":{"absorbed_energy":0.0,"corrected_energy":1.412763737630211,"emitted_energy":0.0,"field_energy":0.002268010687874837,"gauss_residual_absolute":7.806255641895632e-18,"gauss_residual_relative":1.2033630008622009e-15,"matter_energy":1.4104957269423362,"max_magnetic_field":0.0030000000001297734,"minus_center_x":4.999999999999998,"minus_center_y":2.0,"minus_rms_radius":2.199999999999996,"net_charge":0.0,"norm":1.0,"plus_center_x":-5.000000000000001,"plus_center_y":-2.0,"plus_rms_radius":2.2,"time":0.0},"initial_separation":10.770329614269007,"max_corrected_energy_relative_drift":1.20887993896495e-08,"max_gauss_residual_absolute":6.886653187813951e-10,"max_gauss_residual_relative":1.1574723038493654e-07,"max_net_charge":1.0192604084965223e-10,"max_norm_drift":1.0612235978868512e-08,"parameters":{"gauge_charge":0.2,"gauge_seed_amplitude":0.006,"gauge_seed_width":4.0,"mass":1.0,"momentum_x":0.95,"momentum_y":0.35,"packet_offset_x":5.0,"packet_offset_y":2.0,"packet_width":2.2,"soler_coupling":0.0},"steps":65},{"absorbed_energy":1.9030530419729297e-05,"dt":0.015384615384615385,"emitted_energy":-1.3433813668390582e-07,