{
  "acceptance": {
    "enclosed_probability_90": true,
    "enclosed_probability_99": true,
    "energy_mu_relation": true,
    "energy_quadrature": true,
    "norm_quadrature": true,
    "norm_scaling_slopes": true,
    "phase_radius_invariant": true,
    "rms_quadrature": true,
    "stationary_equation": true
  },
  "conditional_clock_bridge": {
    "compton_hypothesis_L0_over_lambdaC": 0.7071067811865476,
    "compton_hypothesis_Rrms_over_lambdaC": 0.641274915080932,
    "dimensionless_phase_frequency": 0.5,
    "exact_compton_radius_ratio": 0.641274915080932,
    "exact_zitter_radius_ratio": 0.45344984105855446,
    "status": "conditional_identification_not_prediction",
    "zitter_hypothesis_L0_over_lambdaC": 0.5,
    "zitter_hypothesis_Rrms_over_lambdaC": 0.45344984105855446
  },
  "equation": "i psi_t = -1/2 psi_xx - g |psi|^2 psi",
  "exact_family": {
    "energy": "-eta^3/(3g) = -g^2 N^3/24",
    "eta": "g N / 2",
    "mu": "-eta^2 / 2",
    "phase_frequency": "eta^2 / 2",
    "profile": "eta/sqrt(g) sech(eta x)",
    "rms_radius": "pi/(2 sqrt(3) eta)"
  },
  "max_errors": {
    "energy_mu_norm_ratio": 0.0,
    "energy_relative": 7.560618797697316e-14,
    "norm_relative": 2.55351295663786e-14,
    "phase_radius_invariant": 0.0,
    "probability_90": 0.0006617024720364517,
    "probability_99": 4.2350206137964364e-05,
    "rms_relative": 4.183200382858589e-12,
    "stationary_residual_relative_l2": 2.786526984677203e-16
  },
  "model": "M9-CAT-EPT",
  "observed_norm_scaling_slopes": {
    "absolute_energy_vs_norm": 2.9999999999999996,
    "inverse_width_vs_norm": 0.9999999999999997,
    "phase_frequency_vs_norm": 1.9999999999999996,
    "rms_radius_vs_norm": -0.9999999999999997
  },
  "passed": true,
  "rows": [
    {
      "amplitude": 0.25,
      "chemical_potential": -0.03125,
      "coupling": 1.0,
      "density_fwhm": 7.050988696156344,
      "energy": -0.005208333333333333,
      "energy_mu_norm_ratio": 0.3333333333333333,
      "energy_relative_error": 7.560618797697316e-14,
      "inverse_width": 0.25,
      "norm": 0.5,
      "norm_relative_error": 2.531308496145357e-14,
      "numerical_energy": -0.005208333333333727,
      "numerical_norm": 0.49999999999998734,
      "numerical_rms_radius": 3.6275987284532607,
      "phase_frequency": 0.03125,
      "phase_radius_invariant": 0.4112335167120566,
      "probability_90_error": 0.0006617024720364517,
      "probability_99_error": 4.2350206137964364e-05,
      "radius_90": 5.888877958332881,
      "radius_99": 10.586609649448983,
      "rms_radius": 3.6275987284684357,
      "rms_relative_error": 4.183200382858589e-12,
      "stationary_residual_relative_l2": 1.766417902089638e-17
    },
    {
      "amplitude": 0.5,
      "chemical_potential": -0.125,
      "coupling": 1.0,
      "density_fwhm": 3.525494348078172,
      "energy": -0.041666666666666664,
      "energy_mu_norm_ratio": 0.3333333333333333,
      "energy_relative_error": 7.560618797697316e-14,
      "inverse_width": 0.5,
      "norm": 1.0,
      "norm_relative_error": 2.531308496145357e-14,
      "numerical_energy": -0.041666666666669815,
      "numerical_norm": 0.9999999999999747,
      "numerical_rms_radius": 1.8137993642266304,
      "phase_frequency": 0.125,
      "phase_radius_invariant": 0.4112335167120566,
      "probability_90_error": 0.0006617024720364517,
      "probability_99_error": 4.2350206137964364e-05,
      "radius_90": 2.9444389791664407,
      "radius_99": 5.293304824724491,
      "rms_radius": 1.8137993642342178,
      "rms_relative_error": 4.183200382858589e-12,
      "stationary_residual_relative_l2": 1.7664179020896384e-17
    },
    {
      "amplitude": 1.0,
      "chemical_potential": -0.5,
      "coupling": 1.0,
      "density_fwhm": 1.762747174039086,
      "energy": -0.3333333333333333,
      "energy_mu_norm_ratio": 0.3333333333333333,
      "energy_relative_error": 7.560618797697316e-14,
      "inverse_width": 1.0,
      "norm": 2.0,
      "norm_relative_error": 2.531308496145357e-14,
      "numerical_energy": -0.3333333333333585,
      "numerical_norm": 1.9999999999999494,
      "numerical_rms_radius": 0.9068996821133152,
      "phase_frequency": 0.5,
      "phase_radius_invariant": 0.4112335167120566,
      "probability_90_error": 0.0006617024720364517,
      "probability_99_error": 4.2350206137964364e-05,
      "radius_90": 1.4722194895832204,
      "radius_99": 2.6466524123622457,
      "rms_radius": 0.9068996821171089,
      "rms_relative_error": 4.183200382858589e-12,
      "stationary_residual_relative_l2": 1.766417902089638e-17
    },
    {
      "amplitude": 0.35355339059327373,
      "chemical_potential": -0.125,
      "coupling": 2.0,
      "density_fwhm": 3.525494348078172,
      "energy": -0.020833333333333332,
      "energy_mu_norm_ratio": 0.3333333333333333,
      "energy_relative_error": 7.543965452327939e-14,
      "inverse_width": 0.5,
      "norm": 0.5,
      "norm_relative_error": 2.55351295663786e-14,
      "numerical_energy": -0.020833333333334904,
      "numerical_norm": 0.49999999999998723,
      "numerical_rms_radius": 1.8137993642266304,
      "phase_frequency": 0.125,
      "phase_radius_invariant": 0.4112335167120566,
      "probability_90_error": 0.0006617024720364517,
      "probability_99_error": 4.2350206137964364e-05,
      "radius_90": 2.9444389791664407,
      "radius_99": 5.293304824724491,
      "rms_radius": 1.8137993642342178,
      "rms_relative_error": 4.183200382858589e-12,
      "stationary_residual_relative_l2": 2.786526984677203e-16
    },
    {
      "amplitude": 0.7071067811865475,
      "chemical_potential": -0.5,
      "coupling": 2.0,
      "density_fwhm": 1.762747174039086,
      "energy": -0.16666666666666666,
      "energy_mu_norm_ratio": 0.3333333333333333,
      "energy_relative_error": 7.543965452327939e-14,
      "inverse_width": 1.0,
      "norm": 1.0,
      "norm_relative_error": 2.55351295663786e-14,
      "numerical_energy": -0.16666666666667923,
      "numerical_norm": 0.9999999999999745,
      "numerical_rms_radius": 0.9068996821133152,
      "phase_frequency": 0.5,
      "phase_radius_invariant": 0.4112335167120566,
      "probability_90_error": 0.0006617024720364517,
      "probability_99_error": 4.2350206137964364e-05,
      "radius_90": 1.4722194895832204,
      "radius_99": 2.6466524123622457,
      "rms_radius": 0.9068996821171089,
      "rms_relative_error": 4.183200382858589e-12,
      "stationary_residual_relative_l2": 2.7865269846772023e-16
    },
    {
      "amplitude": 1.414213562373095,
      "chemical_potential": -2.0,
      "coupling": 2.0,
      "density_fwhm": 0.881373587019543,
      "energy": -1.3333333333333333,
      "energy_mu_norm_ratio": 0.3333333333333333,
      "energy_relative_error": 7.543965452327939e-14,
      "inverse_width": 2.0,
      "norm": 2.0,
      "norm_relative_error": 2.55351295663786e-14,
      "numerical_energy": -1.3333333333334338,
      "numerical_norm": 1.999999999999949,
      "numerical_rms_radius": 0.4534498410566576,
      "phase_frequency": 2.0,
      "phase_radius_invariant": 0.4112335167120566,
      "probability_90_error": 0.0006617024720364517,
      "probability_99_error": 4.2350206137964364e-05,
      "radius_90": 0.7361097447916102,
      "radius_99": 1.3233262061811228,
      "rms_radius": 0.45344984105855446,
      "rms_relative_error": 4.183200382858589e-12,
      "stationary_residual_relative_l2": 2.786526984677203e-16
    },
    {
      "amplitude": 0.5,
      "chemical_potential": -0.5,
      "coupling": 4.0,
      "density_fwhm": 1.762747174039086,
      "energy": -0.08333333333333333,
      "energy_mu_norm_ratio": 0.3333333333333333,
      "energy_relative_error": 7.560618797697316e-14,
      "inverse_width": 1.0,
      "norm": 0.5,
      "norm_relative_error": 2.531308496145357e-14,
      "numerical_energy": -0.08333333333333963,
      "numerical_norm": 0.49999999999998734,
      "numerical_rms_radius": 0.9068996821133152,
      "phase_frequency": 0.5,