{
 "hist": [
  {
   "iter": 1,
   "F_norm": 2084.1246575520768,
   "F_rel": 0.13091998453750853,
   "omega_bal": 8.524267041776387,
   "S0": 47.63975270673598,
   "Q2": -0.6556248488735434,
   "lam": 1.0,
   "accepted": true,
   "lsmr_stop": 7,
   "wall_s": 768.9
  },
  {
   "iter": 2,
   "F_norm": 948.4270062455894,
   "F_rel": 0.05957803365681135,
   "omega_bal": 6.3454550444148845,
   "S0": 45.41527488033425,
   "Q2": -1.1279150820411843,
   "lam": 1.0,
   "accepted": true,
   "lsmr_stop": 7,
   "wall_s": 1528.4
  },
  {
   "iter": 3,
   "F_norm": 948.4270062455894,
   "F_rel": 0.05957803365681135,
   "omega_bal": 6.3454550444148845,
   "S0": 45.41527488033425,
   "Q2": -1.1279150820411843,
   "lam": 0.015625,
   "accepted": false,
   "lsmr_stop": 7,
   "wall_s": 2300.3
  }
 ],
 "a2_star": 2.4297971910259806
}