{
 "hist": [
  {
   "iter": 1,
   "F_norm": 212.69621503212105,
   "F_rel": 0.05241351841097062,
   "omega_bal": 10.648380331838558,
   "S0": 44.27067386398539,
   "Q2": -0.39043525260785117,
   "lam": 1.0,
   "accepted": true,
   "lsmr_stop": 7,
   "wall_s": 766.0
  },
  {
   "iter": 2,
   "F_norm": 185.32373882820926,
   "F_rel": 0.045668274800260755,
   "omega_bal": 10.40209640087479,
   "S0": 44.23212429617879,
   "Q2": -0.4087860329895108,
   "lam": 0.25,
   "accepted": true,
   "lsmr_stop": 7,
   "wall_s": 1458.7
  },
  {
   "iter": 3,
   "F_norm": 185.32373882820926,
   "F_rel": 0.045668274800260755,
   "omega_bal": 10.40209640087479,
   "S0": 44.23212429617879,
   "Q2": -0.4087860329895108,
   "lam": 0.015625,
   "accepted": false,
   "lsmr_stop": 7,
   "wall_s": 2152.1
  }
 ],
 "a2_star": 0.6074492936975603
}