{
 "units": {
  "c2": 1.0,
  "beta": 1.0,
  "cscale": 1.0,
  "a": -0.5,
  "b": 1.0,
  "c": 1.0,
  "vvac": -0.5,
  "g_time": 8.0
 },
 "grids": {
  "rmax": 12.0,
  "rwin": 6.0
 },
 "GA0": {
  "e_1d": 11.287494230799986,
  "e_2d_per_len": 11.287494230799986,
  "rel_err": 0.0,
  "pass": true
 },
 "GA1": {
  "max_rel_err": 5.462159788413927e-16,
  "pass": true
 },
 "A_refinement": {
  "n": [
   128,
   256,
   512,
   1024,
   2048
  ],
  "regularized": [
   11.174454847638563,
   11.287494228101654,
   11.316001076878635,
   11.323143349403155,
   11.32492989198612
  ],
  "C1_unreg": [
   8.461403977878339,
   10.680625658318375,
   12.88576883904041,
   15.079140732501944,
   17.265199387214405
  ],
  "C0_const": [
   0.0,
   0.0,
   0.0,
   0.0,
   0.0
  ],
  "C0_const_d02": [
   6.0620171843668755,
   6.062017184366875,
   6.062017184366875,
   6.062017184366875,
   6.062017184366875
  ],
  "C1_log_slope_fit": 3.1748099840900323,
  "C1_log_slope_closed_form": 3.141592653589793,
  "regularized_core_density_max": [
   7.78915492435572,
   8.131479369515638,
   8.220156748169204,
   8.242525768026422,
   8.248130601734516
  ]
 },
 "GA0b": {
  "n": [
   128,
   256,
   512,
   1024
  ],
  "regularized_d1": {
   "cartesian": [
    10.555362449982635,
    11.120172225141538,
    11.273149881385757,
    11.312353008547968
   ],
   "equivariant": 11.32492989198612,
   "branch_jump_per_n": [
    0.13995351623804853,
    0.06881611074462933,
    0.035560711432771036,
    0.01769198422106449
   ]
  },
  "regularized_d05": {
   "cartesian": [
    3.123108220431746,
    3.1651490431991247,
    3.175845863882735,
    3.1785319366527593
   ],
   "equivariant": 3.1792811389131193,
   "branch_jump_per_n": [
    0.07026532329427387,
    0.034440561808824974,
    0.017785163166984766,
    0.008846576447958027
   ]
  },
  "C0_const_d1": {
   "cartesian": [
    129.29707369738975,
    517.1882960889554,
    2068.7531844372597,
    8275.012737754167
   ],
   "equivariant": 0.0,
   "branch_jump_per_n": [
    0.18032786885245888,
    0.08679245283018862,
    0.04648648648648668,
    0.022985468956406973
   ]
  }
 },
 "B_scan": [
  {
   "d": 1.0,
   "shape": "tanh",
   "center": "planar_iso",
   "ec": 10.859071721199046,
   "ev": 0.4640716309027842,
   "lambda_star": 2.1993883498802242,
   "e_star_analytic": 4.489715859048163,
   "e_star_rescaled": 4.490073416904217
  },
  {
   "d": 1.0,
   "shape": "tanh",
   "center": "trace_melt",
   "ec": 10.859071721199044,
   "ev": 0.7369866539111258,
   "lambda_star": 1.959220289083273,
   "e_star_analytic": 5.657911604960761,
   "e_star_rescaled": 5.6583382095057075
  },
  {
   "d": 1.0,
   "shape": "tanh",
   "center": "full_melt",
   "ec": 10.859071721199046,
   "ev": 1.3264499312276794,
   "lambda_star": 1.691513467847566,
   "e_star_analytic": 7.590524339670063,
   "e_star_rescaled": 7.591034478041622
  },
  {
   "d": 1.0,
   "shape": "tanh",
   "center": "escape_axis",
   "ec": 10.859071721199046,
   "ev": 1.0309107123056678,
   "lambda_star": 1.801535864112666,
   "e_star_analytic": 6.691706318445137,
   "e_star_rescaled": 6.692216039942943
  },
  {
   "d": 1.0,
   "shape": "tanh",
   "center": "half_half",
   "ec": 10.859071721199046,
   "ev": 0.7010803404182417,
   "lambda_star": 1.983838106624097,
   "e_star_analytic": 5.518362691568697,
   "e_star_rescaled": 5.518782873362857
  },
  {
   "d": 1.0,
   "shape": "tanh2",
   "center": "planar_iso",
   "ec": 6.136566411983736,
   "ev": 0.8989129955424423,
   "lambda_star": 1.6164115495858233,
   "e_star_analytic": 4.697335115037648,
   "e_star_rescaled": 4.69739920182547
  },
  {
   "d": 1.0,
   "shape": "tanh2",
   "center": "trace_melt",
   "ec": 6.136566411983736,
   "ev": 1.1745882918663422,
   "lambda_star": 1.5118543115031224,
   "e_star_analytic": 5.369521043734291,
   "e_star_rescaled": 5.369587493171059
  },
  {
   "d": 1.0,
   "shape": "tanh2",
   "center": "full_melt",
   "ec": 6.136566411983736,
   "ev": 1.7695721158140105,
   "lambda_star": 1.364628047242915,
   "e_star_analytic": 6.590628743750402,
   "e_star_rescaled": 6.590695945679013
  },
  {
   "d": 1.0,
   "shape": "tanh2",
   "center": "escape_axis",
   "ec": 6.136566411983736,
   "ev": 1.208917331207756,
   "lambda_star": 1.5010052412671562,
   "e_star_analytic": 5.447421955220482,
   "e_star_rescaled": 5.44750406330116
  },
  {
   "d": 1.0,
   "shape": "tanh2",
   "center": "half_half",
   "ec": 6.136566411983736,
   "ev": 1.0696428136368386,
   "lambda_star": 1.5476461270447992,
   "e_star_analytic": 5.124035192300537,
   "e_star_rescaled": 5.124100409567559
  },
  {
   "d": 1.0,
   "shape": "gauss",
   "center": "planar_iso",
   "ec": 8.376941289922017,
   "ev": 0.7199573046163085,
   "lambda_star": 1.8469055328301587,
   "e_star_analytic": 4.91163519493104,
   "e_star_rescaled": 4.911745959197534
  },
  {
   "d": 1.0,
   "shape": "gauss",
   "center": "trace_melt",
   "ec": 8.376941289922017,
   "ev": 0.9890318936883239,
   "lambda_star": 1.7059598027814904,
   "e_star_analytic": 5.756756763069805,
   "e_star_rescaled": 5.75687801449229
  },
  {
   "d": 1.0,
   "shape": "gauss",
   "center": "full_melt",
   "ec": 8.376941289922017,
   "ev": 1.5708143031322235,
   "lambda_star": 1.5196380391113242,
   "e_star_analytic": 7.254962217602075,
   "e_star_rescaled": 7.255095590658911
  },
  {
   "d": 1.0,
   "shape": "gauss",
   "center": "escape_axis",
   "ec": 8.376941289922017,
   "ev": 1.047197551196848,
   "lambda_star": 1.681760753894941,
   "e_star_analytic": 5.9236179503158715,
   "e_star_rescaled": 5.923764022650456
  },
  {
   "d": 1.0,
   "shape": "gauss",
   "center": "half_half",
   "ec": 8.376941289922017,
   "ev": 0.8999466308784255,
   "lambda_star": 1.7466954102432386,
   "e_star_analytic": 5.491375088602742,
   "e_star_rescaled": 5.491492863698033
  },
  {
   "d": 0.5,
   "shape": "tanh",
   "center": "planar_iso",
   "ec": 2.7147679302997614,
   "ev": 0.4640716309027842,
   "lambda_star": 1.5552024166629974,
   "e_star_analytic": 2.2448579295240814,
   "e_star_rescaled": 2.2449901369974183
  },
  {
   "d": 0.5,
   "shape": "tanh",
   "center": "trace_melt",
   "ec": 2.714767930299761,
   "ev": 0.7369866539111258,
   "lambda_star": 1.3853779522490504,
   "e_star_analytic": 2.8289558024803805,
   "e_star_rescaled": 2.8290939553142005
  },
  {
   "d": 0.5,
   "shape": "tanh",
   "center": "full_melt",
   "ec": 2.7147679302997614,
   "ev": 1.3264499312276794,
   "lambda_star": 1.196080643583387,
   "e_star_analytic": 3.7952621698350315,
   "e_star_rescaled": 3.795380188397422
  },
  {
   "d": 0.5,
   "shape": "tanh",
   "center": "escape_axis",
   "ec": 2.7147679302997614,
   "ev": 1.0309107123056678,
   "lambda_star": 1.2738782260648327,
   "e_star_analytic": 3.3458531592225684,
   "e_star_rescaled": 3.3459945170536685
  },
  {
   "d": 0.5,
   "shape": "tanh",
   "center": "half_half",
   "ec": 2.7147679302997614,
   "ev": 0.7010803404182417,
   "lambda_star": 1.4027853779701802,
   "e_star_analytic": 2.7591813457843486,
   "e_star_rescaled": 2.7593198665584167
  },
  {
   "d": 0.5,
   "shape": "tanh2",
   "center": "planar_iso",
   "ec": 1.534141602995934,
   "ev": 0.8989129955424423,
   "lambda_star": 1.142975567900391,
   "e_star_analytic": 2.348667557518824,
   "e_star_rescaled": 2.3486797323987396
  },
  {
   "d": 0.5,
   "shape": "tanh2",
   "center": "trace_melt",
   "ec": 1.534141602995934,
   "ev": 1.1745882918663422,
   "lambda_star": 1.0690424358299768,
   "e_star_analytic": 2.6847605218671453,
   "e_star_rescaled": 2.6847679047938793
  },
  {
   "d": 0.5,
   "shape": "tanh2",
   "center": "full_melt",
   "ec": 1.534141602995934,
   "ev": 1.7695721158140105,
   "lambda_star": 0.9649377460028216,
   "e_star_analytic": 3.295314371875201,
   "e_star_rescaled": 3.295309002196877
  },
  {
   "d": 0.5,
   "shape": "tanh2",
   "center": "escape_axis",
   "ec": 1.534141602995934,
   "ev": 1.208917331207756,
   "lambda_star": 1.061370984696556,
   "e_star_analytic": 2.723710977610241,