{
  "task": "M5.16",
  "script": "m5_16_axisym.py",
  "mode": "radial",
  "convention": "Duda index-0: D=diag(g,1,delta,0), eta=diag(-1,1,1,1)",
  "grid": {
    "NR": 64,
    "NZ": 128,
    "h": 1.0,
    "dr": 0.5,
    "n_knots": 181
  },
  "params": {
    "beta": 1.0,
    "cscale_input": 0.002,
    "cscale_used": 0.018935884856171332,
    "a": -0.009467942428085664,
    "b": 0.018935884856171332,
    "c": 0.018935884856171332,
    "vvac": -0.009467942428085664,
    "rc_seed": 5.33,
    "autochi": 1,
    "iters": 6000
  },
  "chain_gradcheck_max_rel": 7.209839324899899e-07,
  "E_fire": 25.13985881164088,
  "E_best": 25.13985881164072,
  "monotone_fire": true,
  "gnorm_decades": 6.1605393197765554,
  "gnorm_final": 6.454849078893348e-06,
  "wall_s": {
    "fire": 5.7
  },
  "s_knots_r": [
    0.0,
    0.5,
    1.0,
    1.5,
    2.0,
    2.5,
    3.0,
    3.5,
    4.0,
    4.5,
    5.0,
    5.5,
    6.0,
    6.5,
    7.0,
    7.5,
    8.0,
    8.5,
    9.0,
    9.5,
    10.0,
    10.5,
    11.0,
    11.5,
    12.0,
    12.5,
    13.0,
    13.5,
    14.0,
    14.5,
    15.0,
    15.5,
    16.0,
    16.5,
    17.0,
    17.5,
    18.0,
    18.5,
    19.0,
    19.5,
    20.0,
    20.5,
    21.0,
    21.5,
    22.0,
    22.5,
    23.0,
    23.5,
    24.0,
    24.5,
    25.0,
    25.5,
    26.0,
    26.5,
    27.0,
    27.5,
    28.0,
    28.5,
    29.0,
    29.5,
    30.0,
    30.5,
    31.0,
    31.5,
    32.0,
    32.5,
    33.0,
    33.5,
    34.0,
    34.5,
    35.0,
    35.5,
    36.0,
    36.5,
    37.0,
    37.5,
    38.0,
    38.5,
    39.0,
    39.5,
    40.0,
    40.5,
    41.0,
    41.5,
    42.0,
    42.5,
    43.0,
    43.5,
    44.0,
    44.5,
    45.0,
    45.5,
    46.0,
    46.5,
    47.0,
    47.5,
    48.0,
    48.5,
    49.0,
    49.5,
    50.0,
    50.5,
    51.0,
    51.5,
    52.0,
    52.5,
    53.0,
    53.5,
    54.0,
    54.5,
    55.0,
    55.5,
    56.0,
    56.5,
    57.0,
    57.5,
    58.0,
    58.5,
    59.0,
    59.5,
    60.0,
    60.5,
    61.0,
    61.5,
    62.0,
    62.5,
    63.0,
    63.5,
    64.0,
    64.5,
    65.0,
    65.5,
    66.0,
    66.5,
    67.0,
    67.5,
    68.0,
    68.5,
    69.0,
    69.5,
    70.0,
    70.5,
    71.0,
    71.5,
    72.0,
    72.5,
    73.0,
    73.5,
    74.0,
    74.5,
    75.0,
    75.5,
    76.0,
    76.5,
    77.0,
    77.5,
    78.0,
    78.5,
    79.0,
    79.5,
    80.0,
    80.5,
    81.0,
    81.5,
    82.0,
    82.5,
    83.0,
    83.5,
    84.0,
    84.5,
    85.0,
    85.5,
    86.0,
    86.5,
    87.0,
    87.5,
    88.0,
    88.5,
    89.0,
    89.5,
    90.0
  ],
  "s_knots": [
    0.0,
    0.10987086928465867,
    0.13569733121600966,
    0.21521697808930437,
    0.2991333506076151,
    0.35844385958881214,
    0.4247283848806894,
    0.4892699795982476,
    0.550944134984565,
    0.6045184790342614,
    0.6567770920908202,
    0.7039984911259624,
    0.7463124718319513,
    0.7839352073384137,
    0.8177132402721987,
    0.847037776186251,
    0.8725629718501817,
    0.8940522451115356,
    0.9129996117347641,
    0.9281880608271191,
    0.9413073607093523,
    0.9519068463798174,
    0.9608343380659397,
    0.967971993409163,
    0.9738476189962721,
    0.9785870746638025,
    0.982410730521651,
    0.9854324311697925,
    0.987920435268116,
    0.9898794776597463,
    0.9914730585877889,
    0.9927548158120794,
    0.9938161832043534,
    0.9946655583165166,
    0.995368254512565,
    0.9959616901610102,
    0.9964457499778032,
    0.9968569485752764,
    0.9972064649701742,
    0.9975090940535047,
    0.9977640055171321,
    0.997988529174946,
    0.9981844747705511,
    0.9983554544833858,
    0.9985042928905219,
    0.9986396882542244,
    0.9987566055062083,
    0.9988620960566336,
    0.9989559421645139,
    0.9990417618664782,
    0.9991167732566031,
    0.9991854930743213,
    0.9992476248658754,
    0.9993038269426421,
    0.9993541681986398,
    0.9994009044000175,
    0.9994429079149136,
    0.9994815080624762,
    0.9995164414293535,
    0.999549196380468,
    0.9995785237996769,
    0.9996057249354249,
    0.999630812694518,
    0.9996539120507442,
    0.9996750658087065,
    0.9996947949195534,
    0.9997130377130903,
    0.9997298938416949,
    0.9997453966836718,
    0.9997600858986201,
    0.9997734881555721,
    0.9997860477511281,
    0.9997977157920785,
    0.9998086694710152,
    0.9998188109158737,
    0.9998283095801758,
    0.9998372489686493,
    0.9998455616845927,
    0.9998533102804135,
    0.9998606676728147,
    0.999867512768893,
    0.9998739470822788,
    0.9998799860237565,
    0.999885709435535,
    0.999891061827548,
    0.9998960965375395,
    0.9999008801477629,
    0.999905362893898,
    0.9999095875980804,
    0.9999135949733741,
    0.9999173877637673,
    0.9999209635779926,
    0.9999243374567338,
    0.9999275632820397,
    0.9999305960835733,
    0.9999334736064268,
    0.9999362110453945,
    0.9999388063627563,
    0.9999412643346851,
    0.9999436016340663,
    0.999945838503316,
    0.9999479500843367,
    0.9999499590052945,
    0.9999518823581875,
    0.9999537084287049,
    0.999955445976526,
    0.9999571044916532,
    0.999958690669235,
    0.9999601998808261,
    0.9999616383287802,
    0.999963022373729,
    0.9999643369109444,
    0.9999655911595754,
    0.9999668012675532,
    0.9999679491157316,
    0.9999691007826232,
    0.9999700201201406,
    0.9999714947506544,
    0.9999722556591695,
    0.9999756911063139,
    0.9999670014858412,
    1.0,
    1.0,
    1.0,
    1.0,
    1.0,
    1.0,
    1.0,
    1.0,
    1.0,
    1.0,
    1.0,
    1.0,
    1.0,
    1.0,
    1.0,
    1.0,
    1.0,
    1.0,
    1.0,
    1.0,
    1.0,
    1.0,
    1.0,
    1.0,
    1.0,
    1.0,
    1.0,
    1.0,
    1.0,
    1.0,
    1.0,
    1.0,
    1.0,
    1.0,
    1.0,
    1.0,
    1.0,
    1.0,
    1.0,
    1.0,
    1.0,
    1.0,
    1.0,
    1.0,
    1.0,
    1.0,
    1.0,
    1.0,
    1.0,
    1.0,
    1.0,
    1.0,
    1.0,
    1.0,
    1.0,
    1.0,
    1.0,
    1.0,
    1.0,
    1.0
  ],
  "obs": {
    "E_curv_num": 18.577426299426477,
    "E_pot_num": 6.562432512214247,
    "E_ext_tail": 1.424506348546696,
    "E_tot": 26.56436516018742,
    "E_beyond_rmax_ball": 1.5912030376648438,
    "virial_ratio_curv_over_3pot": 1.0159816303250775,
    "r_half": 7.7568850296622465,
    "sphericity_max_ds": 6.661338147750939e-16,