{
 "hist": [
  {
   "iter": 1,
   "F_norm": 18.891596741812215,
   "F_rel": 0.0017939383271265948,
   "omega": 1.0952173994219725,
   "h1_norm": 0.4910274046773597,
   "lam": 1.0,
   "accepted": true,
   "lsmr_stop": 7,
   "wall_s": 785.0,
   "c_omega": -40.07361822371429,
   "c_amp": -0.04066209909064378
  },
  {
   "iter": 2,
   "F_norm": 17.934270067825615,
   "F_rel": 0.001703030976333734,
   "omega": 1.0681115812923843,
   "h1_norm": 0.48430228195298913,
   "lam": 0.125,
   "accepted": true,
   "lsmr_stop": 7,
   "wall_s": 1568.8,
   "c_omega": -40.56900187905246,
   "c_amp": -0.06676037376601618
  },
  {
   "iter": 3,
   "F_norm": 17.377028080552368,
   "F_rel": 0.0016501155043323042,
   "omega": 1.0431199420649415,
   "h1_norm": 0.478364113951273,
   "lam": 0.25,
   "accepted": true,
   "lsmr_stop": 7,
   "wall_s": 2352.8,
   "c_omega": -41.02925715285839,
   "c_amp": -0.08950550425724635
  }
 ],
 "params": {
  "nr": 32,
  "nz": 64,
  "Nt": 2,
  "b0": 0.0,
  "omega0": 1.1,
  "wscale": 0.03407009618611885,
  "a2_star": 0.2513274122867839
 }
}