{
  "phase": "P1b-step1-axisym-single",
  "ok": true,
  "rows": [
    {
      "h": 0.25,
      "J_axi": 7.9721639479807385,
      "target": 8.58285825563027,
      "rel_err": -0.07115278960233587
    },
    {
      "h": 0.18,
      "J_axi": 8.257875456655043,
      "target": 8.58285825563027,
      "rel_err": -0.0378641694055756
    },
    {
      "h": 0.12,
      "J_axi": 8.435946981506888,
      "target": 8.58285825563027,
      "rel_err": -0.01711682399357004
    },
    {
      "h": 0.09,
      "J_axi": 8.499321974805412,
      "target": 8.58285825563027,
      "rel_err": -0.009732920938087261
    }
  ],
  "converging": true,
  "J_richardson": 8.580804109046372,
  "extrap_rel_err": -0.0002393312953235166,
  "target_4pi_I": 8.58285825563027
}