{
  "task": "M5.18",
  "script": "m5_18_spectral.py",
  "mode": "radial",
  "potential": "V = w sum_p (Tr(Msp^p) - 1)^2, p=1..3 (delta=0)",
  "grid": {
    "NR": 96,
    "NZ": 192,
    "h": 1.0,
    "n_knots": 272
  },
  "params": {
    "wscale": 0.0007240238793069094,
    "rc_seed": 8.0,
    "iters": 8000,
    "melt_cost_per_cell": 0.002172071637920728
  },
  "chain_gradcheck_max_rel": 1.892470360723981e-08,
  "E_best": 16.85220537995424,
  "monotone_fire": true,
  "wall_s": 14.6,
  "obs": {
    "E_curv_num": 12.424037225866522,
    "E_pot_num": 4.428168154087715,
    "E_ext_tail": 0.944672631141493,
    "E_tot": 17.796878011095732,
    "virial_ratio_curv_over_3pot": 1.0063386176717444,
    "r_half": 11.767822202665295,
    "r_bins": [
      0.25,
      0.75,
      1.25,
      1.75,
      2.25,
      2.75,
      3.25,
      3.75,
      4.25,
      4.75,
      5.25,
      5.75,
      6.25,
      6.75,
      7.25,
      7.75,
      8.25,
      8.75,
      9.25,
      9.75,
      10.25,
      10.75,
      11.25,
      11.75,
      12.25,
      12.75,
      13.25,
      13.75,
      14.25,
      14.75,
      15.25,
      15.75,
      16.25,
      16.75,
      17.25,
      17.75,
      18.25,
      18.75,
      19.25,
      19.75,
      20.25,
      20.75,
      21.25,
      21.75,
      22.25,
      22.75,
      23.25,
      23.75,
      24.25,
      24.75,
      25.25,
      25.75,
      26.25,
      26.75,
      27.25,
      27.75,
      28.25,
      28.75,
      29.25,
      29.75,
      30.25,
      30.75,
      31.25,
      31.75,
      32.25,
      32.75,
      33.25,
      33.75,
      34.25,
      34.75,
      35.25,
      35.75,
      36.25,
      36.75,
      37.25,
      37.75,
      38.25,
      38.75,
      39.25,
      39.75,
      40.25,
      40.75,
      41.25,
      41.75,
      42.25,
      42.75,
      43.25,
      43.75,
      44.25,
      44.75,
      45.25,
      45.75,
      46.25,
      46.75,
      47.25,
      47.75,
      48.25,
      48.75,
      49.25,
      49.75,
      50.25,
      50.75,
      51.25,
      51.75,
      52.25,
      52.75,
      53.25,
      53.75,
      54.25,
      54.75,
      55.25,
      55.75,
      56.25,
      56.75,
      57.25,
      57.75,
      58.25,
      58.75,
      59.25,
      59.75,
      60.25,
      60.75,
      61.25,
      61.75,
      62.25,
      62.75,
      63.25,
      63.75,
      64.25,
      64.75,
      65.25,
      65.75,
      66.25,
      66.75,
      67.25,
      67.75,
      68.25,
      68.75,
      69.25,
      69.75,
      70.25,
      70.75,
      71.25,
      71.75,
      72.25,
      72.75,
      73.25,
      73.75,
      74.25,
      74.75,
      75.25,
      75.75,
      76.25,
      76.75,
      77.25,
      77.75,
      78.25,
      78.75,
      79.25,
      79.75,
      80.25,
      80.75,
      81.25,
      81.75,
      82.25,
      82.75,
      83.25,
      83.75,
      84.25,
      84.75,
      85.25,
      85.75,
      86.25,
      86.75,
      87.25,
      87.75,
      88.25,
      88.75,
      89.25,
      89.75,
      90.25,
      90.75,
      91.25,
      91.75,
      92.25,
      92.75,
      93.25,
      93.75,
      94.25,
      94.75
    ],
    "s_profile": [
      0.0,
      0.08341075859490972,
      0.0,
      0.15620287276693426,
      0.2128436103570636,
      0.2654732065608729,
      0.0,
      0.349308346603764,
      0.40678011799952507,
      0.44020742086307385,
      0.47771287569951604,
      0.5172504303341801,
      0.55626256003926,
      0.5943411570759726,
      0.6346064002131236,
      0.667783463174564,
      0.7005103840468005,
      0.7226388227561948,
      0.7546409756607352,
      0.7781273716089339,
      0.7983519201110577,
      0.8224816014372041,
      0.8460915347941356,
      0.859534938353935,
      0.8772458163036593,
      0.8937708684846319,
      0.907779023919236,
      0.9167374945368865,
      0.927887685676988,
      0.9377239067418115,
      0.9460887186642609,
      0.9525294580324127,
      0.9599875731508786,
      0.9643925677947663,
      0.9692068897552344,
      0.9730548693719434,
      0.9766902334234716,
      0.9791575196216813,
      0.9820784225450369,
      0.9845237324533601,
      0.986425460190881,
      0.9880022787200393,
      0.9895420456816026,
      0.9906192931868303,
      0.9917083535167978,
      0.9925349155204461,
      0.9933462564186102,
      0.9939362675396805,
      0.994583862260431,
      0.995130214882369,
      0.9956100194911591,
      0.9959359849600512,
      0.9962929169099723,
      0.9965853888716867,
      0.9968407754637406,
      0.9971020455866333,
      0.997350924246432,
      0.9975212237168702,
      0.9977115223966184,
      0.9978655383921409,
      0.9980218333592392,
      0.998147489719242,
      0.9982685191111274,
      0.9983814902705617,
      0.9984879254169405,
      0.9985780698203193,
      0.9986745802481813,
      0.9987449862032984,
      0.998819117719537,
      0.9988842712532513,
      0.9989523003964582,
      0.9990029533986593,
      0.999058941886716,
      0.9991124186566497,
      0.9991642352187249,
      0.9992068642673717,
      0.999251726310233,
      0.9992882946215349,
      0.999322598637949,
      0.9993542629600592,
      0.9993900325226349,
      0.9994182654227569,
      0.999446202688208,
      0.9994719533088057,
      0.9994992170335901,
      0.9995205537272709,
      0.9995430406056225,
      0.9995640893047318,
      0.9995819230374813,
      0.999601116736191,
      0.9996209216089467,
      0.9996365756196113,
      0.9996526902901065,
      0.9996660691979554,
      0.9996816656162442,
      0.9996931230681622,
      0.9997059847890329,
      0.9997183064187662,
      0.9997296723157613,
      0.9997397370749442,
      0.9997511236660576,
      0.9997606076629938,
      0.9997695959214454,
      0.9997778523617051,
      0.9997865600935969,
      0.9997942413050945,
      0.9998022421969602,
      0.9998097354328858,
      0.9998170775191806,
      0.9998228664611549,
      0.9998297110041754,
      0.9998356957918774,
      0.9998413889579381,
      0.9998468868553494,
      0.9998525183183596,
      0.9998573668247944,
      0.9998624032301199,
      0.9998670221309618,
      0.9998717142184664,
      0.9998752965346871,
      0.9998796463456898,
      0.9998834648672756,
      0.9998871698925091,
      0.999890919377727,
      0.9998947432731843,
      0.999897931866918,
      0.9999011647440466,
      0.9999041428069428,
      0.9999072499777337,
      0.9999096659792972,
      0.9999125223189319,
      0.9999151912686801,
      0.9999178662146346,
      0.9999201386644319,
      0.999922663865699,
      0.999924859144518,
      0.9999270367357291,
      0.9999290817004333,
      0.9999312560210342,
      0.9999330215147724,
      0.9999349006019993,
      0.9999368273915044,
      0.9999387299548852,
      0.9999402510954,
      0.9999419624061859,
      0.9999435086510186,
      0.9999450333367083,
      0.9999464279423986,
      0.9999479734708024,
      0.9999493622667553,
      0.9999506778552248,
      0.9999519504921407,
      0.9999532850163302,
      0.9999543558329198,
      0.9999555285004446,
      0.9999566601360043,
      0.9999578010629121,
      0.9999588216299239,
      0.9999599866647342,
      0.9999609230791017,
      0.9999618576236536,
      0.9999628145007035,
      0.9999637838562493,
      0.999964584690534,
      0.9999654057549783,
      0.9999662438797299,
      0.9999671031511933,
      0.9999678285151377,
      0.9999686445246853,
      0.9999693526038871,
      0.9999700391839599,
      0.9999707161501025,
      0.9999714364541046,
      0.9999720732829831,
      0.9999727164996131,
      0.9999733360397964,
      0.9999739687952254,
      0.9999745123119542,
      0.9999751426301599,
      0.9999756683982567,
      0.9999763245557444,
      0.9999772466345,
      0.9999787900965253,
      0.9999773944229109,
      0.9999873493296427,
      1.0,
      1.0,
      1.0,
