{
  "HG1_nonfinite": 0.0,
  "HG2_com_rel": 8.686815689170357e-16,
  "HG3_retract": 0.0,
  "HG4_rowmatch": 0.0,
  "omega_bal0": 6.345440177403112,
  "S0": 45.41500892283902,
  "Q2": -1.1279137620895199
}