{
  "HG1_nonfinite": 0.0,
  "HG2_com_rel": 2.349251807504566e-15,
  "HG3_retract": 2.220446049250313e-16,
  "HG4_rowmatch": 0.0,
  "omega_bal0": 7.895500048639131,
  "S0": 89.55122733384086,
  "Q2": -1.4365219331899652
}