{
 "P1_dV4D_gradcheck": 5.698337457995077e-08,
 "P2_profile_reduction": 3.241851231905457e-14,
 "all_pass": true
}