{
  "state": "m5_12_d3b_breather_n32_mixfix_state.npz",
  "omega": 11.57328484909973,
  "S0": 44.51581591106397,
  "Q2": -0.028669935984559913,
  "Q2_negative": true,
  "w_balance": 39.40431727635642,
  "c_om_at_omega": -3.514623443238502
}