{
  "task": "M5.18",
  "script": "m5_18_spectral.py",
  "mode": "radial",
  "potential": "V = w sum_p (Tr(Msp^p) - 1)^2, p=1..3 (delta=0)",
  "grid": {
    "NR": 64,
    "NZ": 128,
    "h": 1.0,
    "n_knots": 181
  },
  "params": {
    "wscale": 0.0036268500323843513,
    "rc_seed": 5.333333333333333,
    "iters": 8000,
    "melt_cost_per_cell": 0.010880550097153054
  },
  "chain_gradcheck_max_rel": 1.4647914243930866e-08,
  "E_best": 25.115994739634463,
  "monotone_fire": true,
  "wall_s": 4.8,
  "obs": {
    "E_curv_num": 18.558772617028513,
    "E_pot_num": 6.5572221226059515,
    "E_ext_tail": 1.424506348546696,
    "E_tot": 26.540501088181163,
    "virial_ratio_curv_over_3pot": 1.0158406813093954,
    "r_half": 7.780747323918074,
    "r_bins": [
      0.25,
      0.75,
      1.25,
      1.75,
      2.25,
      2.75,
      3.25,
      3.75,
      4.25,
      4.75,
      5.25,
      5.75,
      6.25,
      6.75,
      7.25,
      7.75,
      8.25,
      8.75,
      9.25,
      9.75,
      10.25,
      10.75,
      11.25,
      11.75,
      12.25,
      12.75,
      13.25,
      13.75,
      14.25,
      14.75,
      15.25,
      15.75,
      16.25,
      16.75,
      17.25,
      17.75,
      18.25,
      18.75,
      19.25,
      19.75,
      20.25,
      20.75,
      21.25,
      21.75,
      22.25,
      22.75,
      23.25,
      23.75,
      24.25,
      24.75,
      25.25,
      25.75,
      26.25,
      26.75,
      27.25,
      27.75,
      28.25,
      28.75,
      29.25,
      29.75,
      30.25,
      30.75,
      31.25,
      31.75,
      32.25,
      32.75,
      33.25,
      33.75,
      34.25,
      34.75,
      35.25,
      35.75,
      36.25,
      36.75,
      37.25,
      37.75,
      38.25,
      38.75,
      39.25,
      39.75,
      40.25,
      40.75,
      41.25,
      41.75,
      42.25,
      42.75,
      43.25,
      43.75,
      44.25,
      44.75,
      45.25,
      45.75,
      46.25,
      46.75,
      47.25,
      47.75,
      48.25,
      48.75,
      49.25,
      49.75,
      50.25,
      50.75,
      51.25,
      51.75,
      52.25,
      52.75,
      53.25,
      53.75,
      54.25,
      54.75,
      55.25,
      55.75,
      56.25,
      56.75,
      57.25,
      57.75,
      58.25,
      58.75,
      59.25,
      59.75,
      60.25,
      60.75,
      61.25,
      61.75,
      62.25,
      62.75
    ],
    "s_profile": [
      0.0,
      0.12576825145414897,
      0.0,
      0.23273063962489027,
      0.3152775460897732,
      0.3894721410332721,
      0.0,
      0.5049998579645492,
      0.5800962014941053,
      0.6219932168898806,
      0.6673943929716324,
      0.7129413668289263,
      0.7549402662209593,
      0.7934051763452332,
      0.8309081135323342,
      0.8591978701954314,
      0.8845266672645198,
      0.9003083271160548,
      0.9210136293995094,
      0.9344953343458183,
      0.9451517515118917,
      0.9563611173648098,
      0.9660480466031128,
      0.9709518570360478,
      0.9767555184891352,
      0.981513600219012,
      0.9850592243583447,
      0.9871030111883025,
      0.9894192816517056,
      0.9912445559065297,
      0.9926565454174621,
      0.9936609595419595,
      0.9947389486684012,
      0.9953328167969264,
      0.9959554110897726,
      0.9964350660912735,
      0.9968703695258073,
      0.9971637895819532,
      0.9975066549284386,
      0.9977935822321939,
      0.9980170194806485,
      0.9982062801240607,
      0.9983942289554115,
      0.9985282492051596,
      0.9986673625875996,
      0.9987766199204672,
      0.9988856809758193,
      0.9989680274433158,
      0.9990607814694934,
      0.99914160537588,
      0.9992144009500764,
      0.9992653968042041,
      0.9993224351928927,
      0.999370163366547,
      0.9994125335849281,
      0.9994570451417348,
      0.9994999959832498,
      0.999529863968926,
      0.9995636763922908,
      0.9995914343730603,
      0.9996197599536445,
      0.9996428416550859,
      0.9996652325920533,
      0.9996862520979409,
      0.9997061822382821,
      0.9997231780456403,
      0.9997414571460815,
      0.9997548230799173,
      0.999768967711972,
      0.9997814582332223,
      0.9997944998045231,
      0.9998042574150238,
      0.9998150563008059,
      0.9998254040756874,
      0.9998354352525716,
      0.9998437163991252,
      0.9998524450775493,
      0.9998595595495484,
      0.9998662494125654,
      0.9998724384928142,
      0.9998794284077936,
      0.999884953261806,
      0.9998904266872882,
      0.9998954796105725,
      0.999900827688825,
      0.9999050206041367,
      0.9999094437764375,
      0.999913582710772,
      0.9999170935144448,
      0.9999208759543861,
      0.9999247809860105,
      0.9999278668674221,
      0.9999310478948991,
      0.9999336906706643,
      0.9999367704618096,
      0.9999390352477874,
      0.9999415786583574,
      0.9999440157290365,
      0.9999462641745677,
      0.9999482568873547,
      0.9999505122544052,
      0.9999523899795904,
      0.9999541710713943,
      0.9999558078440064,
      0.9999575342830689,
      0.9999590570804332,
      0.9999606443590123,
      0.9999621312020816,
      0.9999635879259099,
      0.9999647371326709,
      0.9999660967467042,
      0.9999672846042879,
      0.9999684169982321,
      0.9999695102546555,
      0.999970649196148,
      0.9999715809300856,
      0.9999727210351622,
      0.999973743327221,
      0.9999758405292586,
      0.999974157234692,
      0.9999829212155015,
      1.0,
      1.0,
      1.0,
      1.0,
      1.0
    ]
  },
  "s_knots_r": [
    0.0,
    0.5,
    1.0,
    1.5,
    2.0,
    2.5,
    3.0,
    3.5,
    4.0,
    4.5,
    5.0,
    5.5,
    6.0,
    6.5,
    7.0,
    7.5,
    8.0,
    8.5,
    9.0,
    9.5,
    10.0,
    10.5,
    11.0,
    11.5,
    12.0,
    12.5,
    13.0,
    13.5,
    14.0,
    14.5,
    15.0,
    15.5,
    16.0,
    16.5,
    17.0,
    17.5,
    18.0,
    18.5,
    19.0,
    19.5,
    20.0,
    20.5,
    21.0,
    21.5,
    22.0,
    22.5,
    23.0,
    23.5,
    24.0,
    24.5,
    25.0,
    25.5,
    26.0,
    26.5,
    27.0,
    27.5,
    28.0,
    28.5,
    29.0,
    29.5,
    30.0,
    30.5,
    31.0,
    31.5,
    32.0,
    32.5,
    33.0,
    33.5,
    34.0,
    34.5,
    35.0,
    35.5,
    36.0,
    36.5,
    37.0,
    37.5,
    38.0,
    38.5,
    39.0,
    39.5,
    40.0,
    40.5,
    41.0,
    41.5,
    42.0,
    42.5,
    43.0,
    43.5,
    44.0,
    44.5,
    45.0,
    45.5,
    46.0,
    46.5,
    47.0,
    47.5,
    48.0,
    48.5,
    49.0,
    49.5,
    50.0,
    50.5,
    51.0,
    51.5,
    52.0,
    52.5,
    53.0,
    53.5,
    54.0,
    54.5,
    55.0,
    55.5,
    56.0,
    56.5,
    57.0,
    57.5,
    58.0,
    58.5,
    59.0,
    59.5,
    60.0,
    60.5,
    61.0,
    61.5,
    62.0,
    62.5,
    63.0,
    63.5,
    64.0,
    64.5,
    65.0,
    65.5,
    66.0,
    66.5,
    67.0,
    67.5,
    68.0,
    68.5,
    69.0,
    69.5,
    70.0,
    70.5,
    71.0,
    71.5,
    72.0,
    72.5,
    73.0,
    73.5,
    74.0,
    74.5,
    75.0,
    75.5,
    76.0,
    76.5,
    77.0,
    77.5,
    78.0,
    78.5,
    79.0,
    79.5,
    80.0,
    80.5,
    81.0,
    81.5,
    82.0,
    82.5,
    83.0,
    83.5,
    84.0,
    84.5,
    85.0,
    85.5,
    86.0,
    86.5,
    87.0,
    87.5,
    88.0,
    88.5,
    89.0,
    89.5,
    90.0
  ],