{
 "hist": [
  {
   "iter": 1,
   "F_norm": 1072.3764628222882,
   "F_rel": 0.12162488536102638,
   "omega": 0.3400207369887249,
   "h1_norm": 50.09389739134572,
   "lam": 1.0,
   "accepted": true,
   "lsmr_stop": 7,
   "wall_s": 369.5
  },
  {
   "iter": 2,
   "F_norm": 1072.1420587350813,
   "F_rel": 0.1215983001353868,
   "omega": 0.34005275289728565,
   "h1_norm": 50.093897342557845,
   "lam": 1.0,
   "accepted": true,
   "lsmr_stop": 7,
   "wall_s": 744.6
  }
 ],
 "params": {
  "nr": 48,
  "nz": 96,
  "Nt": 2,
  "b0": 1.6,
  "omega0": 0.34,
  "wscale": 0.006954588287406285,
  "a2_star": 2509.3985520621077
 }
}