{
 "hist": [
  {
   "iter": 1,
   "F_norm": 5100.21970237754,
   "F_rel": 0.9283215093999904,
   "omega": 0.6494026510941554,
   "h1_norm": 36.41053389347345,
   "lam": 0.5,
   "accepted": true,
   "lsmr_stop": 7,
   "wall_s": 1390.2
  }
 ],
 "params": {
  "nr": 32,
  "nz": 64,
  "Nt": 2,
  "b0": 1.6,
  "omega0": 0.644639166361333,
  "wscale": 0.03407009618611885,
  "a2_star": 1331.453049805777
 }
}