{
 "hist": [
  {
   "iter": 1,
   "F_norm": 212.32038225221837,
   "F_rel": 0.02648890309058105,
   "omega_bal": 7.803741202945834,
   "S0": 44.25375058842145,
   "Q2": -0.7266819403244327,
   "lam": 1.0,
   "accepted": true,
   "lsmr_stop": 7,
   "wall_s": 772.5
  },
  {
   "iter": 2,
   "F_norm": 203.1331438842955,
   "F_rel": 0.025342711357990412,
   "omega_bal": 7.333718160723068,
   "S0": 44.15428872976518,
   "Q2": -0.8209646585848063,
   "lam": 0.25,
   "accepted": true,
   "lsmr_stop": 7,
   "wall_s": 1549.2
  },
  {
   "iter": 3,
   "F_norm": 203.1331438842955,
   "F_rel": 0.025342711357990412,
   "omega_bal": 7.333718160723068,
   "S0": 44.15428872976518,
   "Q2": -0.8209646585848063,
   "lam": 0.015625,
   "accepted": false,
   "lsmr_stop": 7,
   "wall_s": 2329.4
  }
 ],
 "a2_star": 1.2148985955129903
}