{
 "hist": [
  {
   "iter": 1,
   "F_norm": 1020.577430009304,
   "F_rel": 0.9808182512143738,
   "omega": 0.6558997504191801,
   "h1_norm": 54.669778538245936,
   "lam": 1.0,
   "accepted": true,
   "lsmr_stop": 7,
   "wall_s": 780.8,
   "c_omega": -36446.388381215686,
   "c_amp": -4.271031129532421e-05
  },
  {
   "iter": 2,
   "F_norm": 1004.8824358887668,
   "F_rel": 0.9657346953434736,
   "omega": 0.6568787803326631,
   "h1_norm": 54.66374927346489,
   "lam": 1.0,
   "accepted": true,
   "lsmr_stop": 7,
   "wall_s": 1557.5,
   "c_omega": -36258.45448536428,
   "c_amp": -0.000263259030367502
  },
  {
   "iter": 3,
   "F_norm": 1002.2145995472118,
   "F_rel": 0.963170791323936,
   "omega": 0.656537161736799,
   "h1_norm": 54.662635020968715,
   "lam": 1.0,
   "accepted": true,
   "lsmr_stop": 7,
   "wall_s": 2333.6,
   "c_omega": -36222.335064526924,
   "c_amp": -0.00030401539342728157
  }
 ],
 "params": {
  "nr": 48,
  "nz": 96,
  "Nt": 1,
  "b0": 1.6,
  "omega0": 0.6564195303434569,
  "wscale": 0.006954588287406285,
  "a2_star": 2988.912342797451
 }
}