{
  "task": "M5.12 block 14",
  "mode": "fixobj",
  "eps": 0.164896465616327,
  "class": "bmix_rz",
  "rc_fix": 2.6666666666666665,
  "series": [
    {
      "nr": 32,
      "a2": 0.3037246468487802,
      "S0": 69.19010468229321,
      "Q2": -0.5686530352237327,
      "Q2_mix": -0.5686530352237327,
      "Q2_pos": 0.0,
      "Q2_cross": 0.0,
      "Q2_negative": true,
      "omega_bal": 11.03057909415892
    },
    {
      "nr": 48,
      "a2": 0.30372464684878026,
      "S0": 70.17409248662041,
      "Q2": -0.5686530352237185,
      "Q2_mix": -0.5686530352237185,
      "Q2_pos": 0.0,
      "Q2_cross": 0.0,
      "Q2_negative": true,
      "omega_bal": 11.108737939498322
    },
    {
      "nr": 64,
      "a2": 0.30372464684878026,
      "S0": 70.65866998093236,
      "Q2": -0.5686530352237469,
      "Q2_mix": -0.5686530352237469,
      "Q2_pos": 0.0,
      "Q2_cross": 0.0,
      "Q2_negative": true,
      "omega_bal": 11.14702688051522
    }
  ]
}