{
  "task": "M5.12",
  "script": "m5_12_b12_hard.py",
  "nr": 32,
  "state0": "m5_12_b12_hard_x2_state.npz",
  "rungs": [
    {
      "rung": 1.0,
      "a2_star": 1.214898545513846,
      "hist": [
        {
          "iter": 1,
          "F_norm": 205.26581061243908,
          "F_rel": 1.0,
          "omega_bal": 7.333726161800073,
          "S0": 44.15439585989905,
          "Q2": -0.820964859120842,
          "lam": 0.015625,
          "accepted": false,
          "lsmr_stop": 7,
          "wall_s": 731.7
        }
      ],
      "omega_bal_end": 7.333726161800073,
      "S0_end": 44.15439585989905,
      "Q2_end": -0.820964859120842,
      "Shat_end": 88.30879171979814,
      "BG5": {
        "H_mean": -2.2589266336581205e-06,
        "H_min": -51.073420759288744,
        "H_max": 43.95059214176895,
        "drift_rel": 42066002.27081089
      },
      "verdict": "stalled_or_partial"
    }
  ]
}