{
  "task": "M5.12",
  "script": "m5_12_b12_hard.py",
  "nr": 32,
  "state0": "m5_12_b12_hard_x2_state.npz",
  "rungs": [
    {
      "rung": 1.0,
      "a2_star": 1.214898545513846,
      "hist": [
        {
          "iter": 1,
          "F_norm": 168.16074454178673,
          "F_rel": 0.819234065527307,
          "omega_bal": 7.0768896980208185,
          "S0": 44.05547748270915,
          "Q2": -0.8796604357933262,
          "lam": 0.125,
          "accepted": true,
          "lsmr_stop": 7,
          "wall_s": 1793.2
        }
      ],
      "omega_bal_end": 7.0768896980208185,
      "S0_end": 44.05547748270915,
      "Q2_end": -0.8796604357933262,
      "Shat_end": 88.11095496541851,
      "BG5": {
        "H_mean": -2.6577021806417632e-06,
        "H_min": -48.529838066896176,
        "H_max": 43.738017950054946,
        "drift_rel": 34717154.047211915
      },
      "verdict": "stalled_or_partial"
    }
  ]
}