{
  "task": "M5.12 block 17",
  "mode": "control",
  "a2_star": 0.303725,
  "frame": {
    "nr": 32,
    "nz": 64
  },
  "guards": {
    "GC1_identity_rel": 5.783473348638303e-07,
    "GC2_roundtrip_rel": 0.0026931993293996723,
    "f2_direct_omega_bal": 6.986874611104042
  },
  "rows": [
    {
      "S0": 142.5661882655965,
      "Q2": -0.31800021271044443,
      "Q2_mix": -0.31634571352293506,
      "Q2_pos": 0.0019185589609946874,
      "Q2_cross": -0.0035730581485040602,
      "Q2_negative": true,
      "omega_bal": 21.17359314960184,
      "zoom_s": 2.256058589414653,
      "a2": 0.303725,
      "r_mean_frame": 4.8638943508252295,
      "product": 102.98612010702016,
      "endpoint": "c2 bmix (b13)",
      "state": "m5_12_b12_hard_c2_1_state.npz",
      "r_mean_native": 2.114306792554356,
      "r_target": 4.77,
      "wscale": "native"
    },
    {
      "S0": 141.87201580668662,
      "Q2": -0.29304610686588717,
      "Q2_mix": -0.2911488808063041,
      "Q2_pos": 0.0011963960286038855,
      "Q2_cross": -0.003093622088186976,
      "Q2_negative": true,
      "omega_bal": 22.002923646254853,
      "zoom_s": 1.4976379327646232,
      "a2": 0.30372499999999997,
      "r_mean_frame": 4.79911227076975,
      "product": 105.59450086355154,
      "endpoint": "g48 bmix n48 (b14)",
      "state": "m5_12_b12_hard_g48_1_state.npz",
      "r_mean_native": 3.1850154804737296,
      "r_target": 4.77,
      "wscale": "native"
    },
    {
      "S0": 43.71242614699421,
      "Q2": -0.7069754960567849,
      "Q2_mix": -0.7052232558043414,
      "Q2_pos": 0.0019384198946710285,
      "Q2_cross": -0.0036906601471144995,
      "Q2_negative": true,
      "omega_bal": 7.863217256045582,
      "zoom_s": 1.1551115950085196,
      "a2": 0.3037250000000001,
      "r_mean_frame": 4.782583156944811,
      "product": 37.60649040816139,
      "endpoint": "wd wide (b14)",
      "state": "m5_12_b12_hard_wd_1_state.npz",
      "r_mean_native": 4.12947114427054,
      "r_target": 4.77,
      "wscale": "native"
    },
    {
      "S0": 47.371627917895296,
      "Q2": -0.934459130576343,
      "Q2_mix": -0.9339169742446174,
      "Q2_pos": 0.000435964814286649,
      "Q2_cross": -0.0009781211460122563,
      "Q2_negative": true,
      "omega_bal": 7.119983690060274,
      "zoom_s": 0.8591662131109674,
      "a2": 0.30372499999999997,
      "r_mean_frame": 4.766324164109262,
      "product": 33.93615030999812,
      "endpoint": "f1 rgauss (b15)",
      "state": "m5_12_b12_hard_f1_1_state.npz",
      "r_mean_native": 5.551894298459709,
      "r_target": 4.77,
      "wscale": "native"
    },
    {
      "S0": 46.10135971199297,
      "Q2": -0.7247871586410852,
      "Q2_mix": -0.7239626143121427,
      "Q2_pos": 0.0005657136241197236,
      "Q2_cross": -0.001390257953062246,
      "Q2_negative": true,
      "omega_bal": 7.975384358724495,
      "zoom_s": 1.2939425582076984,
      "a2": 0.30372500000000013,
      "r_mean_frame": 4.7761761259301885,
      "product": 38.09184036925698,
      "endpoint": "f2 shell (b15)",
      "state": "m5_12_b12_hard_f2_1_state.npz",
      "r_mean_native": 3.686407846888624,
      "r_target": 4.77,
      "wscale": "native"
    },
    {
      "S0": 47.502267144082886,
      "Q2": -1.6055853013827246,
      "Q2_mix": -1.6055860503998503,
      "Q2_pos": 1.4584031760023208e-07,
      "Q2_cross": 6.031768080561051e-07,
      "Q2_negative": true,
      "omega_bal": 5.439268243152651,
      "zoom_s": 0.8881035059563176,
      "a2": 0.30372499999999997,
      "r_mean_frame": 4.771411770545913,
      "product": 25.952988518535147,
      "endpoint": "p1 rayleigh_opt (b16)",
      "state": "m5_12_b12_hard_p1_1_state.npz",
      "r_mean_native": 5.37099557428683,
      "r_target": 4.77,
      "wscale": "native"
    },
    {
      "S0": 55.827509511358684,
      "Q2": -1.3687825849697717,
      "Q2_mix": -1.3648360240071753,
      "Q2_pos": 0.001362920589073724,
      "Q2_cross": -0.005309481551670103,
      "Q2_negative": true,
      "omega_bal": 6.386411401421985,
      "zoom_s": 0.7106003593184431,
      "a2": 0.3037250000000001,
      "r_mean_frame": 4.748669039724309,
      "product": 30.326954096874914,
      "endpoint": "p2 pancake (b16)",
      "state": "m5_12_b12_hard_p2_1_state.npz",
      "r_mean_native": 6.712633813716392,
      "r_target": 4.77,
      "wscale": "native"
    },
    {
      "S0": 86.89147180401578,
      "Q2": -1.0351137427179822,
      "Q2_mix": -1.0321900749230934,
      "Q2_pos": 0.00012348489434543808,
      "Q2_cross": -0.003047152689234167,
      "Q2_negative": true,
      "omega_bal": 9.162089703097301,
      "zoom_s": 0.8207025413414004,
      "a2": 0.3037250000000001,
      "r_mean_frame": 4.739619242539781,
      "product": 43.42481665867556,
      "endpoint": "lp loop (b14)",
      "state": "m5_12_b12_hard_lp_1_state.npz",
      "r_mean_native": 5.812093614580083,
      "r_target": 4.77,
      "wscale": "native"
    },
    {
      "S0": 29.60460419272558,
      "Q2": -0.31800021271043377,
      "Q2_mix": -0.31634571352294216,
      "Q2_pos": 0.0019185589610053455,
      "Q2_cross": -0.003573058148496955,
      "Q2_negative": true,
      "omega_bal": 9.648636034573205,
      "zoom_s": 2.256058589414653,
      "a2": 0.303725,
      "r_mean_frame": 4.8638943508252295,
      "product": 46.92994630172935,
      "endpoint": "c2 bmix (b13)",
      "state": "m5_12_b12_hard_c2_1_state.npz",
      "r_mean_native": 2.114306792554356,
      "r_target": 4.77,
      "wscale": "rc-matched"
    },
    {
      "S0": 28.663814908353665,
      "Q2": -0.2930461068659156,
      "Q2_mix": -0.2911488808062792,
      "Q2_pos": 0.001196396028571911,
      "Q2_cross": -0.003093622088208292,
      "Q2_negative": true,
      "omega_bal": 9.890062072082257,
      "zoom_s": 1.4976379327646232,
      "a2": 0.30372499999999997,
      "r_mean_frame": 4.79911227076975,
      "product": 47.463518248804455,
      "endpoint": "g48 bmix n48 (b14)",
      "state": "m5_12_b12_hard_g48_1_state.npz",
      "r_mean_native": 3.1850154804737296,
      "r_target": 4.77,
      "wscale": "rc-matched"
    },
    {
      "S0": 33.36544122780575,
      "Q2": -0.7069754960567991,
      "Q2_mix": -0.7052232558043485,
      "Q2_pos": 0.0019384198946568176,
      "Q2_cross": -0.003690660147107394,
      "Q2_negative": true,
      "omega_bal": 6.8698341972975925,
      "zoom_s": 1.1551115950085196,
      "a2": 0.3037250000000001,
      "r_mean_frame": 4.782583156944811,
      "product": 32.85555332299894,
      "endpoint": "wd wide (b14)",
      "state": "m5_12_b12_hard_wd_1_state.npz",
      "r_mean_native": 4.12947114427054,
      "r_target": 4.77,
      "wscale": "rc-matched"
    },
    {
      "S0": 42.95871444285522,
      "Q2": -0.9344591305763359,
      "Q2_mix": -0.9339169742446103,
      "Q2_pos": 0.00043596481427243816,
      "Q2_cross": -0.0009781211459980454,
      "Q2_negative": true,
      "omega_bal": 6.780246485879416,
      "zoom_s": 0.8591662131109674,
      "a2": 0.30372499999999997,
      "r_mean_frame": 4.766324164109262,
      "product": 32.31685266426397,
      "endpoint": "f1 rgauss (b15)",
      "state": "m5_12_b12_hard_f1_1_state.npz",
      "r_mean_native": 5.551894298459709,
      "r_target": 4.77,
      "wscale": "rc-matched"
    },
    {
      "S0": 30.62312357126902,
      "Q2": -0.7247871586410959,
      "Q2_mix": -0.7239626143121427,
      "Q2_pos": 0.000565713624126829,
      "Q2_cross": -0.0013902579530800097,
      "Q2_negative": true,
      "omega_bal": 6.50009192221767,
      "zoom_s": 1.2939425582076984,
      "a2": 0.30372500000000013,
      "r_mean_frame": 4.7761761259301885,
      "product": 31.045583855247703,
      "endpoint": "f2 shell (b15)",
      "state": "m5_12_b12_hard_f2_1_state.npz",
      "r_mean_native": 3.686407846888624,
      "r_target": 4.77,
      "wscale": "rc-matched"
    },
    {
      "S0": 41.89744415800748,
      "Q2": -1.6055853013827317,
      "Q2_mix": -1.6055860503998431,