{
 "L1_null_from_seed": {
  "r1": {
   "S0": 44.51581591106396,
   "Q2": -0.02866993598456463,
   "Q2_mix": -0.03300443063453351,
   "Q2_pos": 0.004334494649968882,
   "omega_bal": 39.40431727635318,
   "omega_bal_ladder_endpoint": 32.8045,
   "ratio_null_over_endpoint": 1.2011863395678393
  },
  "r2": {
   "S0": 45.68152804441433,
   "Q2": -0.05111059149852945,
   "Q2_mix": -0.06600886126906702,
   "Q2_pos": 0.01489826977053757,
   "omega_bal": 29.896122046211413,
   "omega_bal_ladder_endpoint": 22.6952,
   "ratio_null_over_endpoint": 1.3172883273208174
  },
  "r4": {
   "S0": 54.94128059227725,
   "Q2": -0.07621405720283024,
   "Q2_mix": -0.132017722538134,
   "Q2_pos": 0.05580366533530377,
   "omega_bal": 26.849230798600342,
   "omega_bal_ladder_endpoint": 15.5075,
   "ratio_null_over_endpoint": 1.731370678613596
  },
  "r8": {
   "S0": 101.14083127291859,
   "Q2": -0.047309607316916386,
   "Q2_mix": -0.264035445076268,
   "Q2_pos": 0.21672583775935164,
   "omega_bal": 46.236887124145255,
   "omega_bal_ladder_endpoint": 10.4021,
   "ratio_null_over_endpoint": 4.444956991775243
  },
  "x2": {
   "S0": 303.9941675611899,
   "Q2": 0.32694482545374803,
   "Q2_mix": -0.5280708936810697,
   "Q2_pos": 0.8550157191348178,
   "omega_bal": null,
   "omega_bal_ladder_endpoint": 7.3337,
   "ratio_null_over_endpoint": null
  },
  "x4": {
   "S0": 1149.393187745392,
   "Q2": 2.341235806440868,
   "Q2_mix": -1.0561417873621393,
   "Q2_pos": 3.3973775938030073,
   "omega_bal": null,
   "omega_bal_ladder_endpoint": 6.3455,
   "ratio_null_over_endpoint": null
  }
 },
 "L2_rescale_from_x2": {
  "rows": [
   {
    "S0": 85.05807328647798,
    "Q2": -0.4426515055218971,
    "Q2_mix": -0.4745175611886104,
    "Q2_pos": 0.0318660556667133,
    "omega_bal": 13.86202882691135,
    "a2": 0.607449272756923
   },
   {
    "S0": 57.796873905636566,
    "Q2": -0.6112930245407715,
    "Q2_mix": -0.6710627350329325,
    "Q2_pos": 0.059769710492160955,
    "omega_bal": 9.723608274137808,
    "a2": 0.8590547615328403,
    "exp_lnQ2_lna2": 0.9314113258328046,
    "exp_mix": 0.9999999999999986
   },
   {
    "S0": 44.15439585989904,
    "Q2": -0.8209648591208429,
    "Q2_mix": -0.9490351223772207,
    "Q2_pos": 0.12807026325637771,
    "omega_bal": 7.33372616180007,
    "a2": 1.214898545513846,
    "exp_lnQ2_lna2": 0.8508891850397444,
    "exp_mix": 1.0000000000000009
   },
   {
    "S0": 74.62223278162372,
    "Q2": -1.0597995744659838,
    "Q2_mix": -1.3421254700658654,
    "Q2_pos": 0.2823258955998815,
    "omega_bal": 8.391164775863478,
    "a2": 1.7181095230656807,
    "exp_lnQ2_lna2": 0.736818545472721,
    "exp_mix": 1.0
   },
   {
    "S0": 217.06341489960593,
    "Q2": -1.282235268373321,
    "Q2_mix": -1.8980702447544417,
    "Q2_pos": 0.6158349763811208,
    "omega_bal": 13.01096343935452,
    "a2": 2.429797091027692,
    "exp_lnQ2_lna2": 0.5497238745840047,
    "exp_mix": 1.0000000000000004
   },
   {
    "S0": 617.6814711677098,
    "Q2": -1.3660119207533512,
    "Q2_mix": -2.6857693963275344,
    "Q2_pos": 1.3197574755741832,
    "omega_bal": 21.26449347883785,
    "a2": 3.4381628838041842,
    "exp_lnQ2_lna2": 0.18232568498863816,
    "exp_mix": 0.9999999999999992
   },
   {
    "S0": 1576.8701479685326,
    "Q2": -1.0233508950966206,
    "Q2_mix": -3.796140489508883,
    "Q2_pos": 2.7727895944122625,
    "omega_bal": 39.25415914693267,
    "a2": 4.859594182055384,
    "exp_lnQ2_lna2": -0.834677231640494,
    "exp_mix": 1.0000000000000009
   },
   {
    "S0": 3725.712611516434,
    "Q2": 0.3878342839211441,
    "Q2_mix": -5.371538792655068,
    "Q2_pos": 5.759373076576212,
    "omega_bal": null,
    "a2": 6.8763257676083684
   },
   {
    "S0": 8313.534794765841,
    "Q2": 4.2201186185834,
    "Q2_mix": -7.592280979017768,
    "Q2_pos": 11.812399597601168,
    "omega_bal": null,
    "a2": 9.719188364110767
   },
   {
    "S0": 17851.72114760888,
    "Q2": 13.289403112372765,
    "Q2_mix": -10.724096882862595,
    "Q2_pos": 24.01349999523536,
    "omega_bal": null,
    "a2": 13.72835356430646
   },
   {
    "S0": 37545.61290231977,
    "Q2": 33.60986071444995,
    "Q2_mix": -15.184561958035536,
    "Q2_pos": 48.79442267248549,
    "omega_bal": null,
    "a2": 19.438376728221535
   },
   {
    "S0": 156597.48327520356,
    "Q2": 168.000557180209,
    "Q2_mix": -30.369123916071086,
    "Q2_pos": 198.3696810962801,
    "omega_bal": null,
    "a2": 38.87675345644307
   },
   {
    "S0": 617927.6906094579,
    "Q2": 739.2267992078309,
    "Q2_mix": -60.738247832142214,
    "Q2_pos": 799.9650470399731,
    "omega_bal": null,
    "a2": 77.75350691288614
   }
  ],
  "min_omega_bal": 7.33372616180007
 },
 "L2_rescale_from_x4": {
  "rows": [
   {
    "S0": 196.42437945410427,
    "Q2": -0.7634823490273432,
    "Q2_mix": -0.90912754509912,
    "Q2_pos": 0.14564519607177673,
    "omega_bal": 16.039772137923233,
    "a2": 1.214898621069498
   },
   {
    "S0": 91.89617467115782,
    "Q2": -0.9656671437068393,
    "Q2_mix": -1.2856881742791753,
    "Q2_pos": 0.320021030572336,
    "omega_bal": 9.75517330555035,
    "a2": 1.718109629916484,
    "exp_lnQ2_lna2": 0.6778811332981837,
    "exp_mix": 0.9999999999999996
   },
   {
    "S0": 45.41500892283902,
    "Q2": -1.1279137620895219,
    "Q2_mix": -1.8182550901982402,
    "Q2_pos": 0.6903413281087183,
    "omega_bal": 6.3454401774031055,
    "a2": 2.429797242138996,
    "exp_lnQ2_lna2": 0.4481053403066016,
    "exp_mix": 1.0000000000000004
   },
   {
    "S0": 181.86327408338138,
    "Q2": -1.1099648200655634,
    "Q2_mix": -2.571376348558351,
    "Q2_pos": 1.4614115284927875,
    "omega_bal": 12.800233604787913,
    "a2": 3.436219259832968,
    "exp_lnQ2_lna2": -0.04628691066844994,
    "exp_mix": 1.0
   },
   {
    "S0": 777.777425316099,
    "Q2": -0.5897723917840547,
    "Q2_mix": -3.63651018039648,
    "Q2_pos": 3.0467377886124254,
    "omega_bal": 36.314949750431204,
    "a2": 4.859594484277992,
    "exp_lnQ2_lna2": -1.8245170283776153,
    "exp_mix": 0.9999999999999996
   },
   {
    "S0": 2426.2933164285955,
    "Q2": 1.1398533948743235,
    "Q2_mix": -5.145661905261019,
    "Q2_pos": 6.2855153001353425,
    "omega_bal": null,
    "a2": 6.876326195253359
   },
   {
    "S0": 6339.954507775293,
    "Q2": 5.554527134546183,
    "Q2_mix": -7.27302036079296,
    "Q2_pos": 12.827547495339143,
    "omega_bal": null,
    "a2": 9.719188968555985
   },
   {
    "S0": 15051.829457561498,
    "Q2": 15.786169538619639,
    "Q2_mix": -10.291323810522039,
    "Q2_pos": 26.077493349141676,
    "omega_bal": null,
    "a2": 13.752652390506718
   },
   {
    "S0": 33535.380782414104,
    "Q2": 38.11519333008386,
    "Q2_mix": -14.546040721585923,
    "Q2_pos": 52.66123405166979,
    "omega_bal": null,
    "a2": 19.43837793711197
   },
   {
    "S0": 71681.2671150903,
    "Q2": 85.32583033606547,
    "Q2_mix": -20.546282519240116,
    "Q2_pos": 105.87211285530557,
    "omega_bal": null,
    "a2": 27.45670883617066
   },
   {
    "S0": 149690.10109453605,
    "Q2": 184.32479429266806,
    "Q2_mix": -29.092081443171853,
    "Q2_pos": 213.4168757358399,
    "omega_bal": null,
    "a2": 38.87675587422394
   },
   {
    "S0": 609363.2383334808,
    "Q2": 801.0970705038717,
    "Q2_mix": -58.18416288634374,
    "Q2_pos": 859.2812333902154,
    "omega_bal": null,
    "a2": 77.75351174844788
   },
   {
    "S0": 2288175.559322655,
    "Q2": 3332.0539200704206,
    "Q2_mix": -116.3683257726876,
    "Q2_pos": 3448.422245843108,
    "omega_bal": null,
    "a2": 155.50702349689575
   }
  ],
  "min_omega_bal": 6.3454401774031055
 }
}