{
 "control_hedgehog": [
  [
   0.0,
   0.0,
   0.0
  ],
  [
   0.2,
   -1.973730313992391e-05,
   0.0
  ],
  [
   0.4,
   -0.0012649452864777829,
   0.0
  ],
  [
   0.6,
   -0.014441946640983423,
   0.0
  ],
  [
   0.8,
   -0.08140795644767293,
   0.0
  ],
  [
   1.2,
   -0.9359167118391344,
   0.0
  ],
  [
   1.6,
   -5.327168377106675,
   0.0
  ],
  [
   2.0,
   -20.66246861206882,
   0.0
  ]
 ],
 "control_loop": [
  [
   0.0,
   0.051044795473677455,
   0.0
  ],
  [
   0.2,
   0.050942204392979515,
   0.0
  ],
  [
   0.4,
   0.044469380324578575,
   0.0
  ],
  [
   0.6,
   -0.024035596102756025,
   0.0
  ],
  [
   0.8,
   -0.3722438709296532,
   0.0
  ],
  [
   1.2,
   -4.817547972252727,
   0.0
  ],
  [
   1.6,
   -27.678073766477365,
   0.0
  ],
  [
   2.0,
   -107.58817674399477,
   0.0
  ]
 ],
 "loop_n128": [
  [
   0.0,
   83.64859917509666,
   1278.1970994279693
  ],
  [
   0.2,
   62.294058912635904,
   1183.0876782073285
  ],
  [
   0.4,
   -1.917383020921364,
   897.4011496736857
  ],
  [
   0.6,
   -109.48578022836793,
   420.06094370809654
  ],
  [
   0.8,
   -261.43470118723457,
   -250.73315132304157
  ],
  [
   1.2,
   -707.0561694057418,
   -2183.5592599792603
  ],
  [
   1.6,
   -1371.746836915669,
   -4930.382453156296
  ],
  [
   2.0,
   -2329.761985202755,
   -8533.042953343447
  ]
 ]
}