{
  "HG1_nonfinite": 0.0,
  "HG2_com_rel": 8.370914682546016e-15,
  "HG3_retract": 2.220446049250313e-16,
  "HG4_rowmatch": 0.0,
  "omega_bal0": 8.234800728750328,
  "S0": 61.16154330350391,
  "Q2": -0.9019287836276604
}