{
 "script": "m5_12_audit_b14_loop.py",
 "sections": {
  "a_seed_resolution": {
   "rows": [
    {
     "nr": 32,
     "R0": 5.333333333333333,
     "rc": 2.6666666666666665,
     "ring_rho": 5.5,
     "ring_z": -0.5,
     "min_s": 0.0383093983945747,
     "q_at_0.5rc": 0.5,
     "q_at_1.0rc": 0.5
    },
    {
     "nr": 48,
     "R0": 8.0,
     "rc": 4.0,
     "ring_rho": 8.5,
     "ring_z": -0.5,
     "min_s": 0.030766765523655867,
     "q_at_0.5rc": 0.5,
     "q_at_1.0rc": 0.5000000000000001
    },
    {
     "nr": 96,
     "R0": 16.0,
     "rc": 8.0,
     "ring_rho": 16.5,
     "ring_z": -0.5,
     "min_s": 0.007782061739756484,
     "q_at_0.5rc": 0.5,
     "q_at_1.0rc": 0.49999999999999994
    }
   ],
   "hedgehog_control_q": 0.0
  },
  "b_chain_state": {
   "seed": {
    "ring_rho": 5.5,
    "ring_z": -0.5,
    "min_s": 0.038309397283492794,
    "q_at_rc": 0.5
   },
   "checkpoint": {
    "ring_rho": 5.5,
    "ring_z": -0.5,
    "min_s": 0.038398934505199295,
    "q_at_seed_ring": 0.5,
    "q_at_own_ring": 0.5,
    "omega_ck": 10.192270527028516,
    "dist_to_loop_seed": 0.006021591407654638,
    "dist_to_hedgehog_seed": 19.428605481678186,
    "seed_to_hedgehog_dist": 19.428928513520173
   }
  },
  "c_S0": {
   "S0_background_loop_seed": 140.97244649228398,
   "S0_background_hedgehog_seed": 50.71863385507151,
   "chain_S0_trajectory": [
    [
     1,
     97.85576096585365,
     10.721607486721323,
     2942.0559055292656
    ],
    [
     2,
     97.10417177066373,
     10.199784008438003,
     554.8114036229427
    ],
    [
     3,
     97.10505412797094,
     10.199893921085629,
     522.6599588003367
    ],
    [
     4,
     97.10411819225462,
     10.197543355517343,
     522.5780706782097
    ],
    [
     5,
     97.10308233743068,
     10.19488292369366,
     522.3998254557036
    ],
    [
     6,
     97.10206253068934,
     10.192270527028516,
     522.197589606203
    ]
   ]
  }
 },
 "wall_s": 0.5
}