{
  "HG1_nonfinite": 0.0,
  "HG2_com_rel": 4.6395453319999165e-15,
  "HG3_retract": 2.220446049250313e-16,
  "HG4_rowmatch": 0.0,
  "omega_bal0": 7.257345131069922,
  "S0": 47.236910845403635,
  "Q2": -0.8968626423922075
}