{
 "hist": [
  {
   "iter": 1,
   "F_norm": 264.65716656203705,
   "F_rel": 0.1295218355586663,
   "omega_bal": 15.507528337510594,
   "S0": 44.34207040782907,
   "Q2": -0.18438721312449502,
   "lam": 1.0,
   "accepted": true,
   "lsmr_stop": 7,
   "wall_s": 691.3
  },
  {
   "iter": 2,
   "F_norm": 264.65716656203705,
   "F_rel": 0.1295218355586663,
   "omega_bal": 15.507528337510594,
   "S0": 44.34207040782907,
   "Q2": -0.18438721312449502,
   "lam": 0.015625,
   "accepted": false,
   "lsmr_stop": 7,
   "wall_s": 1481.0
  }
 ],
 "a2_star": 0.30372464684878014
}