{
  "HG1_nonfinite": 0.0,
  "HG2_com_rel": 3.572128991121152e-15,
  "HG3_retract": 0.0,
  "HG4_rowmatch": 0.0,
  "omega_bal0": 8.619352563211175,
  "S0": 64.29378354583224,
  "Q2": -0.8654055840029002
}