{
  "HG1_nonfinite": 0.0,
  "HG2_com_rel": 1.910404607980305e-14,
  "HG3_retract": 2.220446049250313e-16,
  "HG4_rowmatch": 0.0,
  "omega_bal0": 15.193453922265611,
  "S0": 217.56152252422575,
  "Q2": -0.9424733165139685
}