{
  "task": "M5.16",
  "script": "m5_16_axisym.py",
  "mode": "relax",
  "convention": "Duda index-0: D=diag(g,1,delta,0), eta=diag(-1,1,1,1)",
  "grid": {
    "NR": 48,
    "NZ": 96,
    "h": 1.0
  },
  "params": {
    "beta": 1.0,
    "cscale_input": 0.002,
    "cscale_used": 0.011873159628593033,
    "a": -0.0059365798142965165,
    "b": 0.011873159628593033,
    "c": 0.011873159628593033,
    "vvac": -0.0059365798142965165,
    "rc_seed": 6.0,
    "autochi": 1,
    "iters": 3000
  },
  "E_fire": 8.97288774383099,
  "E_cg_from_seed": 16.02579605484745,
  "E_best": 8.509723663254771,
  "minimizer_agreement_rel": 0.8288057979451342,
  "monotone_fire": true,
  "gnorm_decades": 0.606194824385346,
  "gnorm_final": 0.9094781535491143,
  "wall_s": {
    "fire": 63.6,
    "cg": 110.3
  },
  "obs": {
    "E_curv_num": 7.813957171425731,
    "E_pot_num": 0.6957664918290409,
    "E_ext_tail": 1.9094446799668479,
    "E_tot": 10.419168343221619,
    "E_beyond_rmax_ball": 2.1103575086446327,
    "virial_ratio_curv_over_3pot": 4.658364535411663,
    "r_half": 25.78657213418125,
    "sphericity_max_ds": 0.06266489395484098,
    "r_bins": [
      0.25,
      0.75,
      1.25,
      1.75,
      2.25,
      2.75,
      3.25,
      3.75,
      4.25,
      4.75,
      5.25,
      5.75,
      6.25,
      6.75,
      7.25,
      7.75,
      8.25,
      8.75,
      9.25,
      9.75,
      10.25,
      10.75,
      11.25,
      11.75,
      12.25,
      12.75,
      13.25,
      13.75,
      14.25,
      14.75,
      15.25,
      15.75,
      16.25,
      16.75,
      17.25,
      17.75,
      18.25,
      18.75,
      19.25,
      19.75,
      20.25,
      20.75,
      21.25,
      21.75,
      22.25,
      22.75,
      23.25,
      23.75,
      24.25,
      24.75,
      25.25,
      25.75,
      26.25,
      26.75,
      27.25,
      27.75,
      28.25,
      28.75,
      29.25,
      29.75,
      30.25,
      30.75,
      31.25,
      31.75,
      32.25,
      32.75,
      33.25,
      33.75,
      34.25,
      34.75,
      35.25,
      35.75,
      36.25,
      36.75,
      37.25,
      37.75,
      38.25,
      38.75,
      39.25,
      39.75,
      40.25,
      40.75,
      41.25,
      41.75,
      42.25,
      42.75,
      43.25,
      43.75,
      44.25,
      44.75,
      45.25,
      45.75,
      46.25,
      46.75
    ],
    "s_profile": [
      0.0,
      1.0034702488466807,
      0.0,
      0.995209564479501,
      0.9930531783357268,
      0.9974213665520872,
      0.0,
      0.9959783006858531,
      0.9881953467472755,
      1.0044718615637258,
      1.009799732265575,
      0.9980606475581449,
      0.9930881252477191,
      1.006876201432766,
      0.9949629054724863,
      0.9888324300196866,
      0.982194695686507,
      1.0009244857206956,
      0.9972181722362758,
      0.9779950945823455,
      0.9991692872254179,
      1.0000573083106519,
      0.9982828810871255,
      0.9760318330768734,
      0.9968264664038737,
      0.9986662838519954,
      0.9937196308289451,
      0.9806077282338352,
      0.9985834069646871,
      0.9963486512766224,
      0.9963391079250027,
      0.9829670151318405,
      0.996810804203941,
      0.9960291363021798,
      0.9982705353219687,
      0.9798993771947136,
      0.9955299249743147,
      0.9953965604592447,
      0.9949813136830363,
      0.9807448371757717,
      0.994557236337673,
      0.9973049203066116,
      0.9956594422608257,
      0.9966964298672388,
      0.996846106590246,
      0.9943126099728459,
      0.9956188783507631,
      0.9944370642710445,
      0.9965483872006238,
      0.9969468033710746,
      0.997206860678407,
      1.0005852662879444,
      0.9982799780530972,
      0.9985372717846869,
      0.9979292044787408,
      0.9971817183736436,
      0.9987182478719779,
      0.9980189878448362,
      0.9987672290705868,
      1.0004709915557637,
      0.9990494736542315,
      0.99950965176597,
      0.9991899309454852,
      0.99726974061174,
      0.9991546453669233,
      0.9985069229200763,
      0.9990891641293357,
      1.0005209354927533,
      0.9992417425468314,
      1.000472204613037,
      0.9992623984112573,
      0.9979716182780205,
      0.999341222320313,
      0.9992622379296355,
      0.9994879221130465,
      0.997358854302892,
      0.99956551548151,
      1.0003320846694177,
      0.999508456237427,
      1.0000276952465865,
      0.9995625986475547,
      0.9977898987944795,
      0.9996243988167789,
      0.9982626971670877,
      0.9996641743445007,
      1.0001594044214288,
      0.9996439904720463,
      0.9992479863189458,
      0.9997683948672507,
      0.9995309419279338,
      0.9998060296565028,
      0.9997123035456511,
      0.9998182333715305,
      0.9999113629579398
    ],
    "e_shell": [
      0.0,
      6.326061442135306e-06,
      0.0,
      0.0010816792760825157,
      0.00022153843678782452,
      0.007154241777446503,
      0.0,
      0.0045192021147939495,
      0.00268249696949242,
      0.0017736086246618965,
      0.0027400511083548696,
      0.010060109110069777,
      0.0065406509106657506,
      0.01976044095936574,
      0.010299936007982347,
      0.06861727111619847,
      0.048674544358311436,
      0.015006580943109029,
      0.052837301675660746,
      0.10196820935298653,
      0.03448266257395703,
      0.10352039059058557,
      0.016763966468874264,
      0.11484026275411491,
      0.11518296934285285,
      0.07719475252070704,
      0.04174240876307821,
      0.1913252891361633,
      0.054971915571715456,
      0.1537695050915784,
      0.053325494661437815,
      0.2231743827168643,
      0.0749859373791321,
      0.2056684345049537,
      0.0882034550133021,
      0.32686175230011894,
      0.10650308364812927,
      0.2534723360869018,
      0.1386762297857965,
      0.32721427463777564,
      0.11184423604789243,
      0.33550753986269855,
      0.08311941863793053,
      0.2552859122977943,
      0.13483412719711857,
      0.251258309276488,
      0.1452578447651721,
      0.23423099284798643,
      0.1651273377128781,
      0.22769404761356465,
      0.11330127241615981,
      0.1680195474322817,
      0.09610927537686446,
      0.19200243344608597,
      0.08852034478479015,
      0.17306784526641386,
      0.08625234489938056,
      0.16197546611785044,
      0.09527393219098312,
      0.12288667656153683,
      0.08509803928155162,
      0.12804338058688947,
      0.08303755219772113,
      0.11735795537854857,
      0.0629674318220076,
      0.1383435974951894,
      0.0645601500741787,
      0.09710954020757308,
      0.05493788871438865,
      0.10827020845162243,
      0.05360439196162176,
      0.08136959485122318,
      0.045595963938127725,
      0.09237626484824035,
      0.05345059313763069,
      0.07222730035006994,
      0.049496398855542474,
      0.0644868955731904,
      0.03550459986331023,
      0.05191745226602525,
      0.04371589871652315,
      0.05367525720076658,
      0.03261825100883665,
      0.04639222463713544,
      0.03181284499364934,
      0.04258630453247645,
      0.025410068081254573,
      0.038454599992295446,
      0.01598259227615385,
      0.04119160237657911,
      0.021752509474876666,
      0.02975035564799899,
      0.018094276229898558,
      0.2311390811283525
    ]
  }
}