{
  "HG1_nonfinite": 0.0,
  "HG2_com_rel": 2.950400378512139e-16,
  "HG3_retract": 0.0,
  "HG4_rowmatch": 0.0,
  "omega_bal0": 7.333726161800073,
  "S0": 44.15439585989905,
  "Q2": -0.820964859120842
}