{
 "hist": [
  {
   "iter": 1,
   "F_norm": 205.26581061243908,
   "F_rel": 1.0,
   "omega_bal": 7.333726161800073,
   "S0": 44.15439585989905,
   "Q2": -0.820964859120842,
   "lam": 0.015625,
   "accepted": false,
   "lsmr_stop": 7,
   "wall_s": 731.7
  }
 ],
 "a2_star": 1.214898545513846
}