{
  "HG1_nonfinite": 0.0,
  "HG2_com_rel": 5.586770232789196e-15,
  "HG3_retract": 2.220446049250313e-16,
  "HG4_rowmatch": 0.0,
  "omega_bal0": 8.057741744473926,
  "S0": 69.17457666248542,
  "Q2": -1.0654174908152925
}