{
 "rungs": {
  "r1": {
   "omega_bal": 32.80449346578226,
   "H_mean_ns20": -2.3003785543096456e-10,
   "H_min": -45.945655896736056,
   "H_max": 44.37171553754262,
   "H_swing_abs": 90.31737143427867,
   "drift_rel_mine": 392619602826.12415,
   "drift_rel_claim": 389000000000.0,
   "mean_over_swing": 2.54699457898148e-12,
   "identity_S0_p_w2Q2_ns20": -2.3004531612969004e-10,
   "identity_minus_Hmean": -7.460698725475882e-15,
   "H_mean_ns10_solver_quadrature": 1.1368683772161604e-14,
   "S0_ns10": 44.44524993250269,
   "S0_ns20": 44.44524993227264,
   "Q2_ns10": -0.04130082056786666,
   "Q2_ns20": -0.04130082056786666
  },
  "r2": {
   "omega_bal": 22.69522331444,
   "H_mean_ns20": -2.504444651663107e-09,
   "H_min": -46.18755408643489,
   "H_max": 44.30090689234415,
   "H_swing_abs": 90.48846097877905,
   "drift_rel_mine": 36131148244.258095,
   "drift_rel_claim": 36100000000.0,
   "mean_over_swing": 2.7676950459467293e-11,
   "identity_S0_p_w2Q2_ns20": -2.5044286644515523e-09,
   "identity_minus_Hmean": 1.5987211554602254e-14,
   "H_mean_ns10_solver_quadrature": -4.263256414560601e-15,
   "S0_ns10": 44.40526351437062,
   "S0_ns20": 44.40526351186618,
   "Q2_ns10": -0.08621156536861546,
   "Q2_ns20": -0.08621156536861545
  },
  "r4": {
   "omega_bal": 15.507539592743749,
   "H_mean_ns20": -2.7680529157692035e-08,
   "H_min": -46.707699803909,
   "H_max": 44.18193552551055,
   "H_swing_abs": 90.88963532941955,
   "drift_rel_mine": 3283522320.387527,
   "drift_rel_claim": 3280000000.0,
   "mean_over_swing": 3.045509981128979e-10,
   "identity_S0_p_w2Q2_ns20": -2.7680542302732647e-08,
   "identity_minus_Hmean": -1.3145040612223598e-14,
   "H_mean_ns10_solver_quadrature": -7.815970093361103e-15,
   "S0_ns10": 44.342113646637706,
   "S0_ns20": 44.34211361895718,
   "Q2_ns10": -0.18438712527069015,
   "Q2_ns20": -0.18438712527069018
  },
  "r8": {
   "omega_bal": 10.40209546119307,
   "H_mean_ns20": -3.025905630948955e-07,
   "H_min": -47.05260825375653,
   "H_max": 43.98199339466495,
   "H_swing_abs": 91.03460164842147,
   "drift_rel_mine": 300850762.55293554,
   "drift_rel_claim": 301000000.0,
   "mean_over_swing": 3.323907147564724e-09,
   "identity_S0_p_w2Q2_ns20": -3.025905641607096e-07,
   "identity_minus_Hmean": -1.0658140930522384e-15,
   "H_mean_ns10_solver_quadrature": -1.0658141036401503e-14,
   "S0_ns10": 44.232139556746105,
   "S0_ns20": 44.23213925415555,
   "Q2_ns10": -0.40878624788123286,
   "Q2_ns20": -0.40878624788123286
  },
  "x2": {
   "omega_bal": 7.33372616180007,
   "H_mean_ns20": -2.2589265931571846e-06,
   "H_min": -51.07342075928867,
   "H_max": 43.95059214176895,
   "H_swing_abs": 95.02401290105763,
   "drift_rel_mine": 42066003.02502415,
   "drift_rel_claim": 42100000.0,
   "mean_over_swing": 2.377216583674759e-08,
   "identity_S0_p_w2Q2_ns20": -2.258926599552069e-06,
   "identity_minus_Hmean": -6.394884452434312e-15,
   "H_mean_ns10_solver_quadrature": 6.0396132539608514e-15,
   "S0_ns10": 44.15439585989904,
   "S0_ns20": 44.15439360097245,
   "Q2_ns10": -0.8209648591208429,
   "Q2_ns20": -0.8209648591208429
  },
  "x4": {
   "omega_bal": 6.3454401774031055,
   "H_mean_ns20": -8.934327599163794e-06,
   "H_min": -92.3423080725665,
   "H_max": 48.35923825793368,
   "H_swing_abs": 140.70154633050018,
   "drift_rel_mine": 15748420.322495125,
   "drift_rel_claim": 15700000.0,
   "mean_over_swing": 6.349843219332893e-08,
   "identity_S0_p_w2Q2_ns20": -8.934327595966352e-06,
   "identity_minus_Hmean": 3.1974426497336297e-15,
   "H_mean_ns10_solver_quadrature": 2.1316282072803005e-15,
   "S0_ns10": 45.41500892283902,
   "S0_ns20": 45.414999988511425,
   "Q2_ns10": -1.1279137620895219,
   "Q2_ns20": -1.1279137620895219
  }
 },
 "swing_sequence": [
  90.31737143427867,
  90.48846097877905,
  90.88963532941955,
  91.03460164842147,
  95.02401290105763,
  140.70154633050018
 ],
 "swing_ratios": [
  1.001894314922848,
  1.0044334310286764,
  1.0015949708509282,
  1.0438230209216863,
  1.480694637438682
 ]
}