{
  "task": "M5.16",
  "mode": "grade",
  "fromtag": "b100_n96",
  "beta": 1.0,
  "cscale": 0.0037705544498939964,
  "nodes": [
    0.0,
    0.5,
    -0.5,
    1.0,
    -1.0
  ],
  "delta_phys": 1e-10,
  "textures": {
    "phi_hat": {
      "orders_E0_to_E4": [
        16.85748484800612,
        -24.82275962635589,
        -22.308571794148207,
        32.721531967108604,
        -41.26029161272686
      ],
      "E1": -24.82275962635589,
      "E2": -22.308571794148207,
      "dE_at_delta_phys": -2.4822759628586746e-09,
      "dE_rel_to_E0": -1.4725067145187289e-10
    },
    "theta_hat": {
      "orders_E0_to_E4": [
        16.85748484800612,
        -24.89008953635505,
        -22.20757692915037,
        -51.29906817553053,
        0.7331759810938934
      ],
      "E1": -24.89008953635505,
      "E2": -22.20757692915037,
      "dE_at_delta_phys": -2.4890089538575807e-09,
      "dE_rel_to_E0": -1.4765007806914786e-10
    }
  }
}