{
 "hist": [
  {
   "iter": 1,
   "F_norm": 9.452284711614057,
   "F_rel": 0.037925028904486215,
   "omega": 1.0413154564284675,
   "h1_norm": 0.13668443749089718,
   "lam": 1.0,
   "accepted": true,
   "lsmr_stop": 7,
   "wall_s": 539.2,
   "c_omega": -37.76026276416005,
   "c_amp": -0.7515311312707125
  },
  {
   "iter": 2,
   "F_norm": 9.352048732634707,
   "F_rel": 0.03752285604194109,
   "omega": 1.0406203204628506,
   "h1_norm": 0.13662094432213578,
   "lam": 1.0,
   "accepted": true,
   "lsmr_stop": 7,
   "wall_s": 1076.5,
   "c_omega": -37.665952424046424,
   "c_amp": -0.7517619170415388
  }
 ],
 "params": {
  "nr": 32,
  "nz": 64,
  "Nt": 2,
  "b0": 0.0,
  "omega0": 1.041413132276085,
  "wscale": 0.03407009618611885,
  "a2_star": 0.07519105128843377
 }
}