{
  "HG1_nonfinite": 0.0,
  "HG2_com_rel": 3.4613100475222587e-15,
  "HG3_retract": 2.220446049250313e-16,
  "HG4_rowmatch": 0.0,
  "omega_bal0": 8.267564149621135,
  "S0": 67.8871013378202,
  "Q2": -0.993189498062705
}