{
  "task": "M5.12",
  "script": "m5_12_dressed.py",
  "mode": "scan",
  "grade": "dressed-class statics on the calibrated instrument; g = 8 working value (labeled); B03 dressing; vacuum-subtracted per the D1-audit discipline",
  "grid": {
    "NR": 96,
    "NZ": 192,
    "h": 1.0
  },
  "wscale": 0.0007240238793069094,
  "g_time": 8.0,
  "b0s": [
    0.0,
    0.2,
    0.4,
    0.6,
    0.8,
    1.2,
    1.6,
    2.0
  ],
  "rows": [
    {
      "field": "hedgehog",
      "w_b": 4.0,
      "E_b0_curve": [
        20.086755395181854,
        15.105175123476965,
        0.27710897443078863,
        -24.342453112220657,
        -59.67513112770222,
        -181.68014559066268,
        -478.26867958495984,
        -1297.8037741214935
      ],
      "E_undressed": 20.086755395181854,
      "dE": [
        0.0,
        -4.981580271704889,
        -19.809646420751065,
        -44.42920850740251,
        -79.76188652288408,
        -201.76690098584453,
        -498.3554349801417,
        -1317.8905295166753
      ]
    },
    {
      "field": "hedgehog",
      "w_b": 8.0,
      "E_b0_curve": [
        20.086755395181854,
        11.992935622995539,
        -12.269175883945618,
        -52.651861204244476,
        -109.1102843010308,
        -270.4306329993505,
        -498.53928917763324,
        -801.7959934594688
      ],
      "E_undressed": 20.086755395181854,
      "dE": [
        0.0,
        -8.093819772186315,
        -32.355931279127475,
        -72.73861659942634,
        -129.19703969621264,
        -290.51738839453236,
        -518.6260445728151,
        -821.8827488546507
      ]
    },
    {
      "field": "hedgehog",
      "w_b": 16.0,
      "E_b0_curve": [
        20.086755395181854,
        11.697127821998604,
        -13.472727002969156,
        -55.42604234872041,
        -114.16926561532934,
        -282.077521044747,
        -517.3904247907457,
        -820.523834971488
      ],
      "E_undressed": 20.086755395181854,
      "dE": [
        0.0,
        -8.38962757318325,
        -33.55948239815101,
        -75.51279774390227,
        -134.25602101051118,
        -302.16427643992887,
        -537.4771801859275,
        -840.6105903666698
      ]
    },
    {
      "field": "loop_R12",
      "w_b": 4.0,
      "E_b0_curve": [
        64.79865836246384,
        40.81546902848387,
        -32.167226444461875,
        -160.3733728531232,
        -364.9144311693476,
        -1274.761920554487,
        -4138.888278493017,
        -12921.628147184792
      ],
      "E_undressed": 64.79865836246384,
      "dE": [
        0.0,
        -23.983189333979972,
        -96.96588480692571,
        -225.17203121558703,
        -429.7130895318114,
        -1339.5605789169508,
        -4203.686936855482,
        -12986.426805547257
      ]
    },
    {
      "field": "loop_R12",
      "w_b": 8.0,
      "E_b0_curve": [
        64.79865836246384,
        43.444118100003074,
        -20.767323833554187,
        -128.33572104100074,
        -280.2846419998674,
        -725.9061102183746,
        -1390.5967777283017,
        -2348.611926015388
      ],
      "E_undressed": 64.79865836246384,
      "dE": [
        0.0,
        -21.354540262460766,
        -85.56598219601803,
        -193.13437940346458,
        -345.0833003623312,
        -790.7047685808384,
        -1455.3954360907655,
        -2413.4105843778516
      ]
    },
    {
      "field": "loop_R12",
      "w_b": 16.0,
      "E_b0_curve": [
        64.79865836246384,
        53.522324607555994,
        19.677718147474817,
        -36.78303395166435,
        -115.94325127950555,
        -342.90669687572966,
        -662.8451339444343,
        -1078.530025337111
      ],
      "E_undressed": 64.79865836246384,
      "dE": [
        0.0,
        -11.276333754907846,
        -45.12094021498902,
        -101.58169231412819,
        -180.7419096419694,
        -407.70535523819353,
        -727.6437923068981,
        -1143.3286836995749
      ]
    },
    {
      "field": "control_hedgehog_boundary",
      "w_b": 4.0,
      "E_b0_curve": [
        0.0,
        -0.0005189778578743464,
        -0.03339125985012542,
        -0.38372329988496073,
        -2.18282502265284,
        -25.755798888741353,
        -152.00785763755536,
        -617.5354290624671
      ],
      "E_undressed": 0.0,
      "dE": [
        0.0,
        -0.0005189778578743464,
        -0.03339125985012542,
        -0.38372329988496073,
        -2.18282502265284,
        -25.755798888741353,
        -152.00785763755536,
        -617.5354290624671
      ]
    },
    {
      "field": "control_hedgehog_boundary",
      "w_b": 8.0,
      "E_b0_curve": [
        0.0,
        -1.973730313992391e-05,
        -0.0012649452864777829,
        -0.014441946640983423,
        -0.08140795644767293,
        -0.9359167118391344,
        -5.327168377106675,
        -20.66246861206882
      ],
      "E_undressed": 0.0,
      "dE": [
        0.0,
        -1.973730313992391e-05,
        -0.0012649452864777829,
        -0.014441946640983423,
        -0.08140795644767293,
        -0.9359167118391344,
        -5.327168377106675,
        -20.66246861206882
      ]
    },
    {
      "field": "control_hedgehog_boundary",
      "w_b": 16.0,
      "E_b0_curve": [
        0.0,
        -6.474945119615719e-07,
        -4.1454230842323975e-05,
        -0.0004724665490990192,
        -0.0026568068025278548,
        -0.030333738477775155,
        -0.1709951543340777,
        -0.6550523913933622
      ],
      "E_undressed": 0.0,
      "dE": [
        0.0,
        -6.474945119615719e-07,
        -4.1454230842323975e-05,
        -0.0004724665490990192,
        -0.0026568068025278548,
        -0.030333738477775155,
        -0.1709951543340777,
        -0.6550523913933622
      ]
    },
    {
      "field": "control_loop_boundary",
      "w_b": 4.0,
      "E_b0_curve": [
        0.051044795473677455,
        0.04567648964468264,
        -0.29444166855997933,
        -3.920859029342404,
        -22.55649343096627,
        -267.1420799000197,
        -1580.4546871577052,
        -6438.888553848557
      ],
      "E_undressed": 0.051044795473677455,
      "dE": [
        0.0,
        -0.005368305828994814,
        -0.3454864640336568,
        -3.9719038248160814,
        -22.60753822643995,
        -267.1931246954934,
        -1580.5057319531788,
        -6438.939598644031
      ]
    },
    {
      "field": "control_loop_boundary",
      "w_b": 8.0,
      "E_b0_curve": [
        0.051044795473677455,
        0.050942204392979515,
        0.044469380324578575,
        -0.024035596102756025,
        -0.3722438709296532,
        -4.817547972252727,
        -27.678073766477365,
        -107.58817674399477
      ],
      "E_undressed": 0.051044795473677455,
      "dE": [
        0.0,
        -0.00010259108069794048,
        -0.00657541514909888,
        -0.07508039157643348,
        -0.4232886664033307,
        -4.868592767726404,
        -27.729118561951044,
        -107.63922153946844
      ]
    },
    {
      "field": "control_loop_boundary",
      "w_b": 16.0,
      "E_b0_curve": [
        0.051044795473677455,
        0.05104286462579896,
        0.0509211772151374,
        0.0496358706811724,
        0.043121955234364004,
        -0.0394156635688469,
        -0.45891191950478305,
        -1.9026058928705671
      ],
      "E_undressed": 0.051044795473677455,
      "dE": [
        0.0,
        -1.930847878493791e-06,
        -0.00012361825854005637,
        -0.0014089247925050535,
        -0.007922840239313451,
        -0.09046045904252435,
        -0.5099567149784605,
        -1.9536506883442446
      ]
    },
    {
      "field": "vacuum",
      "w_b": 4.0,
      "E_b0_curve": [
        0.0,
        -0.0005189778578743464,
        -0.03339125985012542,
        -0.38372329988496073,
        -2.18282502265284,
        -25.755798888741353,
        -152.00785763755536,
        -617.5354290624671
      ],
      "E_undressed": 0.0,