{
  "task": "M5.12 block 14",
  "mode": "grid",
  "eps": 0.164896465616327,
  "class": "bmix_rz",
  "series": [
    {
      "nr": 24,
      "a2": 0.17084511202413258,
      "S0": 89.57340728842911,
      "Q2": -0.39695556533605725,
      "Q2_mix": -0.39695556533605725,
      "Q2_pos": 0.0,
      "Q2_cross": 0.0,
      "Q2_negative": true,
      "omega_bal": 15.021683237506446
    },
    {
      "nr": 32,
      "a2": 0.3037246468487802,
      "S0": 69.19010468229321,
      "Q2": -0.5686530352237327,
      "Q2_mix": -0.5686530352237327,
      "Q2_pos": 0.0,
      "Q2_cross": 0.0,
      "Q2_negative": true,
      "omega_bal": 11.03057909415892
    },
    {
      "nr": 48,
      "a2": 0.6833804554100736,
      "S0": 47.23691064489658,
      "Q2": -0.8968626153438777,
      "Q2_mix": -0.8968626153438777,
      "Q2_pos": 0.0,
      "Q2_cross": 0.0,
      "Q2_negative": true,
      "omega_bal": 7.257345225103783
    },
    {
      "nr": 64,
      "a2": 1.2148985873959985,
      "S0": 35.751994406145634,
      "Q2": -1.216411544895223,
      "Q2_mix": -1.216411544895223,
      "Q2_pos": 0.0,
      "Q2_cross": 0.0,
      "Q2_negative": true,
      "omega_bal": 5.421380260709804
    }
  ]
}