{
  "task": "M5.12 block 18",
  "mode": "decider",
  "r_target": 4.77,
  "a2_star": 0.303725,
  "tau": 1e-06,
  "anchor_rel": 4.0934540616022974e-07,
  "model_omega2_min": 10.723892700056231,
  "candidates": [
    {
      "k": 0,
      "model_omega_bal": 3.274735516046484,
      "r_mean_raw": 6.156918624796721,
      "coeff_top": [
        [
          "node2",
          0.0529
        ],
        [
          "shell2",
          0.0515
        ],
        [
          "rgauss3",
          0.0474
        ],
        [
          "shell3",
          0.0441
        ],
        [
          "rgauss2",
          0.0418
        ]
      ],
      "inframe_native": {
        "S0": 67.9324715533596,
        "Q2": -1.3056587457613489,
        "Q2_mix": -1.3056587457613347,
        "Q2_pos": 0.0,
        "Q2_cross": -1.4210854715202004e-14,
        "Q2_negative": true,
        "omega_bal": 7.2131317823101355,
        "zoom_s": 0.7747381914045498,
        "a2": 0.303725,
        "r_mean_frame": 4.76689809698833,
        "product": 34.38426416642022
      },
      "inframe_rc-matched": {
        "S0": 49.34357682093669,
        "Q2": -1.3056587457613418,
        "Q2_mix": -1.305658745761356,
        "Q2_pos": 0.0,
        "Q2_cross": 1.4210854715202004e-14,
        "Q2_negative": true,
        "omega_bal": 6.147527393784886,
        "zoom_s": 0.7747381914045498,
        "a2": 0.303725,
        "r_mean_frame": 4.76689809698833,
        "product": 29.3046366346168
      }
    },
    {
      "k": 1,
      "model_omega_bal": 5.070093873824383,
      "r_mean_raw": 6.546530095152512,
      "coeff_top": [
        [
          "node2",
          0.1297
        ],
        [
          "shell3",
          0.1169
        ],
        [
          "rgauss3",
          0.101
        ],
        [
          "shell2",
          0.0982
        ],
        [
          "ep_p1",
          0.0881
        ]
      ],
      "inframe_native": {
        "S0": 65.0733629342747,
        "Q2": -0.9418778292429124,
        "Q2_mix": -0.9418778292429124,
        "Q2_pos": 1.4210854715202004e-14,
        "Q2_cross": -1.4210854715202004e-14,
        "Q2_negative": true,
        "omega_bal": 8.311977109346053,
        "zoom_s": 0.7286302714062257,
        "a2": 0.3037249999999999,
        "r_mean_frame": 4.73621875757957,
        "product": 39.36734189785679
      },
      "inframe_rc-matched": {
        "S0": 51.35334588364427,
        "Q2": -0.9418778292429195,
        "Q2_mix": -0.9418778292429124,
        "Q2_pos": 1.4210854715202004e-14,
        "Q2_cross": -2.1316282072803006e-14,
        "Q2_negative": true,
        "omega_bal": 7.38392174482564,
        "zoom_s": 0.7286302714062257,
        "a2": 0.3037249999999999,
        "r_mean_frame": 4.73621875757957,
        "product": 34.971868672342865
      }
    },
    {
      "k": 2,
      "model_omega_bal": 5.622042960354011,
      "r_mean_raw": 6.751226585126081,
      "coeff_top": [
        [
          "node2",
          0.1187
        ],
        [
          "rgauss1",
          0.1075
        ],
        [
          "g_r1z2",
          0.1011
        ],
        [
          "g_r4z0.5",
          0.1009
        ],
        [
          "shell3",
          0.1008
        ]
      ],
      "inframe_native": {
        "S0": 68.66738699757768,
        "Q2": -0.934027228889903,
        "Q2_mix": -0.934027228889903,
        "Q2_pos": 0.0,
        "Q2_cross": 0.0,
        "Q2_negative": true,
        "omega_bal": 8.574237169388875,
        "zoom_s": 0.706538277134557,
        "a2": 0.303725,
        "r_mean_frame": 4.755261338270155,
        "product": 40.77273851675385
      },
      "inframe_rc-matched": {
        "S0": 52.95030377092634,
        "Q2": -0.9340272288898817,
        "Q2_mix": -0.9340272288898746,
        "Q2_pos": 0.0,
        "Q2_cross": -7.105427357601002e-15,
        "Q2_negative": true,
        "omega_bal": 7.529297534737513,
        "zoom_s": 0.706538277134557,
        "a2": 0.303725,
        "r_mean_frame": 4.755261338270155,
        "product": 35.80377747127008
      }
    },
    {
      "k": 3,
      "model_omega_bal": 8.345188637702385,
      "r_mean_raw": 6.247204756094328,
      "coeff_top": [
        [
          "g_r4z1_0phi",
          0.4016
        ],
        [
          "g_r3z1_0phi",
          0.3846
        ],
        [
          "g_r1z0.5",
          0.0
        ],
        [
          "g_r1z1",
          0.0
        ],
        [
          "g_r1z2",
          0.0
        ]
      ],
      "inframe_native": {
        "S0": 75.4201224013152,
        "Q2": -0.6497412844691723,
        "Q2_mix": -0.6497412844691581,
        "Q2_pos": 0.0,
        "Q2_cross": -1.4210854715202004e-14,
        "Q2_negative": true,
        "omega_bal": 10.77391103653985,
        "zoom_s": 0.7635414855494735,
        "a2": 0.303725,
        "r_mean_frame": 4.767154120121922,
        "product": 51.36089438766799
      },
      "inframe_rc-matched": {
        "S0": 50.457426715773,
        "Q2": -0.6497412844691723,
        "Q2_mix": -0.6497412844691866,
        "Q2_pos": 0.0,
        "Q2_cross": 1.4210854715202004e-14,
        "Q2_negative": true,
        "omega_bal": 8.81236176969736,
        "zoom_s": 0.7635414855494735,
        "a2": 0.303725,
        "r_mean_frame": 4.767154120121922,
        "product": 42.009886718417675
      }
    },
    {
      "k": 4,
      "model_omega_bal": 8.604292524646368,
      "r_mean_raw": 6.033389682732734,
      "coeff_top": [
        [
          "ep_p1",
          0.2906
        ],
        [
          "node1",
          0.2873
        ],
        [
          "shell3",
          0.2232
        ],
        [
          "g_r1z0.5",
          0.1806
        ],
        [
          "g_r1z1",
          0.1605
        ]
      ],
      "inframe_native": {
        "S0": 72.29499005334257,
        "Q2": -0.45155783653704873,
        "Q2_mix": -0.4515578365371056,
        "Q2_pos": 6.394884621840902e-14,
        "Q2_cross": -7.105427357601002e-15,
        "Q2_negative": true,
        "omega_bal": 12.65311366347324,
        "zoom_s": 0.7906003508527729,
        "a2": 0.3037249999999999,
        "r_mean_frame": 4.583274353258445,
        "product": 57.99269134266091
      },
      "inframe_rc-matched": {
        "S0": 48.929943739741894,
        "Q2": -0.4515578365370203,
        "Q2_mix": -0.45155783653709136,
        "Q2_pos": 5.684341886080802e-14,
        "Q2_cross": 1.4210854715202004e-14,
        "Q2_negative": true,
        "omega_bal": 10.409519099933087,
        "zoom_s": 0.7906003508527729,
        "a2": 0.3037249999999999,
        "r_mean_frame": 4.583274353258445,
        "product": 47.70968192047725
      }
    },
    {
      "k": 5,
      "model_omega_bal": 12.711303536579951,
      "r_mean_raw": 5.830427890534102,
      "coeff_top": [
        [
          "g_r4z1_0z",
          0.4979
        ],
        [
          "g_r3z1_0z",
          0.4719
        ],
        [
          "g_r1z0.5",
          0.2916
        ],
        [
          "g_r4z1",
          0.2729
        ],
        [
          "g_r2z0.5",
          0.2019
        ]
      ],
      "inframe_native": {
        "S0": 63.79999668724387,
        "Q2": -0.4756593370063982,
        "Q2_mix": -0.4756593370064408,
        "Q2_pos": 7.105427357601002e-15,
        "Q2_cross": 3.552713678800501e-14,
        "Q2_negative": true,
        "omega_bal": 11.581433424435668,
        "zoom_s": 0.8181217724593176,
        "a2": 0.303725,
        "r_mean_frame": 4.742718297328341,
        "product": 54.92747621136106
      },
      "inframe_rc-matched": {
        "S0": 46.76491055606317,
        "Q2": -0.4756593370064337,
        "Q2_mix": -0.4756593370064266,
        "Q2_pos": 0.0,
        "Q2_cross": -7.105427357601002e-15,
        "Q2_negative": true,
        "omega_bal": 9.915441142264248,
        "zoom_s": 0.8181217724593176,
        "a2": 0.303725,
        "r_mean_frame": 4.742718297328341,
        "product": 47.02614413149887
      }
    }
  ],