{
  "task": "M5.17",
  "script": "m5_17_two_charge.py",
  "mode": "fixed",
  "convention": "Duda index-0: D=diag(g,1,delta,0)",
  "grid": {
    "NR": 96,
    "NZ": 192,
    "h": 1.0
  },
  "params": {
    "beta": 1.0,
    "cscale": 0.0037705544498939964,
    "a": -0.001885277224946998,
    "b": 0.0037705544498939964,
    "c": 0.0037705544498939964,
    "vvac": -0.0018852772249469975,
    "rc_core": 8.0,
    "d_fit_min": 16.0
  },
  "prediction": {
    "A_grid_units": 201.06192982974676,
    "statement": "E_int = q2 * 64*pi*c2/d from the M5.16 single-defect Coulomb lock c2 = alpha*hbar*c/(64*pi)"
  },
  "E_single_same_box": 17.664448078831747,
  "ell_fm_per_grid": 0.2495,
  "gates": [
    {
      "gate": "C0_single_limit",
      "ok": true,
      "max_abs": 4.440892098500626e-16
    }
  ],
  "curves": {
    "antipair": {
      "q2": -1,
      "d": [
        4.0,
        6.0,
        8.0,
        10.0,
        12.0,
        16.0,
        20.0,
        24.0,
        28.0,
        32.0,
        36.0,
        40.0
      ],
      "E_pair": [
        9.087228500102949,
        9.923480483972552,
        11.087884061251492,
        12.576300920365204,
        14.383931524801335,
        18.84347608312713,
        23.742825303366786,
        27.857869895539803,
        30.6320547095691,
        32.35178493521467,
        33.45323435633008,
        34.20670624196118
      ],
      "fit_E0": 45.26478658608951,
      "fit_A": -422.64280700520817,
      "fit_rms": 0.32522000720328237,
      "A_over_prediction": 2.1020528717847755,
      "sign_ok": true,
      "alpha_eff_over_alpha": [
        0.7197296497973662,
        1.0546394177766893,
        1.359855744099462,
        1.6257918987151836,
        1.8430652737156452,
        2.1025410847561368,
        2.1408290769860683,
        2.0777976264673508,
        2.037762657950747,
        2.0551680428905357,
        2.1148502883236002,
        2.199935184844188
      ],
      "d_fm": [
        0.998,
        1.4969999999999999,
        1.996,
        2.495,
        2.9939999999999998,
        3.992,
        4.99,
        5.9879999999999995,
        6.986,
        7.984,
        8.982,
        9.98
      ]
    },
    "likepair": {
      "q2": 1,
      "d": [
        4.0,
        6.0,
        8.0,
        10.0,
        12.0,
        16.0,
        20.0,
        24.0,
        28.0,
        32.0,
        36.0,
        40.0
      ],
      "E_pair": [
        57.85765461800091,
        56.71089259569695,
        55.377372118929195,
        53.987889913086335,
        52.61955558292081,
        50.078405623924965,
        47.904859729726915,
        46.16406913264728,
        44.8020927426151,
        43.70438284697272,
        42.78480668288401,
        41.995582343236414
      ],
      "fit_E0": 36.898615417142004,
      "fit_A": 215.9255425985859,
      "fit_rms": 0.22651278067841452,
      "A_over_prediction": 1.0739255451363927,
      "sign_ok": true,
      "alpha_eff_over_alpha": [
        0.4169668364091878,
        0.5912290962888317,
        0.73524636782048,
        0.8499507843386869,
        0.9382745015383566,
        1.0488143801618308,
        1.0948113670155928,
        1.105982069108874,
        1.1006427984682865,
        1.0831715279913825,
        1.053918490418078,
        1.0140093513297856
      ],
      "d_fm": [
        0.998,
        1.4969999999999999,
        1.996,
        2.495,
        2.9939999999999998,
        3.992,
        4.99,
        5.9879999999999995,
        6.986,
        7.984,
        8.982,
        9.98
      ]
    }
  },
  "wall_s": 0.7
}