{
 "hist": [
  {
   "iter": 1,
   "F_norm": 661.3328381291271,
   "F_rel": 0.06278125675486965,
   "omega": 11.63259444623051,
   "h1_norm": 0.41225761079494677,
   "lam": 1.0,
   "accepted": true,
   "lsmr_stop": 7,
   "wall_s": 793.3,
   "c_omega": -1.2723182112209042,
   "c_amp": -0.32376521879585274
  },
  {
   "iter": 2,
   "F_norm": 186.96181427953948,
   "F_rel": 0.01774854806672734,
   "omega": 11.617511167938158,
   "h1_norm": 0.3876594565471423,
   "lam": 1.0,
   "accepted": true,
   "lsmr_stop": 7,
   "wall_s": 1584.8,
   "c_omega": -1.8607098785763307,
   "c_amp": -0.4020554587219287
  },
  {
   "iter": 3,
   "F_norm": 157.80264589876643,
   "F_rel": 0.014980427188213892,
   "omega": 11.598688056173609,
   "h1_norm": 0.3527146623419774,
   "lam": 1.0,
   "accepted": true,
   "lsmr_stop": 7,
   "wall_s": 2379.6,
   "c_omega": -2.5559846790814995,
   "c_amp": -0.5049977561179978
  }
 ],
 "params": {
  "nr": 32,
  "nz": 64,
  "Nt": 2,
  "b0": 0.0,
  "omega0": 11.7,
  "wscale": 0.03407009618611885,
  "a2_star": 0.2513274122867839
 }
}