{
 "hist": [
  {
   "iter": 1,
   "F_norm": 168.16074454178673,
   "F_rel": 0.819234065527307,
   "omega_bal": 7.0768896980208185,
   "S0": 44.05547748270915,
   "Q2": -0.8796604357933262,
   "lam": 0.125,
   "accepted": true,
   "lsmr_stop": 7,
   "wall_s": 1793.2
  }
 ],
 "a2_star": 1.214898545513846
}