{
 "wscale": 0.03407009618611885,
 "rungs": {
  "r1": {
   "a2_target": 0.07593116171219504,
   "a2_measured": 0.07593116308284474,
   "a2_rel_err": 1.8051214731064508e-08,
   "S0_mine": 44.44524993250269,
   "S0_claim": 44.4452328399412,
   "S0_rel_err": 3.845758116277442e-07,
   "Q2_mine": -0.04130082056786666,
   "Q2_claim": -0.04130082853089334,
   "Q2_rel_err": 1.9280549484698268e-07,
   "omega_bal_mine": 32.80449346578226,
   "omega_bal_claim": 32.804483995433884,
   "omega_saved_in_npz": 32.804483995433884,
   "c_omega_at_bal_mine": 1.082898659632292e-09,
   "c_omega_rel": 7.992742094590704e-10,
   "Q2_mix_share": 1.0229856251466163,
   "Q2_over_a2": -0.5439245086079528,
   "Fnorm_recomputed_f32": 433.6200153465054,
   "Fnorm_claim_f64": 432.9786278097177
  },
  "r2": {
   "a2_target": 0.15186232342439007,
   "a2_measured": 0.1518623218903477,
   "a2_rel_err": 1.0101533617865904e-08,
   "S0_mine": 44.40526351437062,
   "S0_claim": 44.40521072223861,
   "S0_rel_err": 1.188872457787659e-06,
   "Q2_mine": -0.08621156536861546,
   "Q2_claim": -0.08621168270588697,
   "Q2_rel_err": 1.3610367855885262e-06,
   "omega_bal_mine": 22.69522331444,
   "omega_bal_claim": 22.6951943790761,
   "omega_saved_in_npz": 22.6951943790761,
   "c_omega_at_bal_mine": -6.285247877713118e-10,
   "c_omega_rel": 3.212346755360339e-10,
   "Q2_mix_share": 1.0378948412249434,
   "Q2_over_a2": -0.5676955567086915,
   "Fnorm_recomputed_f32": 338.82842364009144,
   "Fnorm_claim_f64": 338.0374405544578,
   "omega_ratio_vs_prev": 0.6918327618170039,
   "Q2_ratio_vs_prev": 2.08740562979736,
   "a2_ratio_vs_prev": 1.9999999436945044
  },
  "r4": {
   "a2_target": 0.30372464684878014,
   "a2_measured": 0.3037246493045593,
   "a2_rel_err": 8.085544459697348e-09,
   "S0_mine": 44.342113646637706,
   "S0_claim": 44.34207040782907,
   "S0_rel_err": 9.75119299549539e-07,
   "Q2_mine": -0.18438712527069015,
   "Q2_claim": -0.18438721312449502,
   "Q2_rel_err": 4.764636515794981e-07,
   "omega_bal_mine": 15.507539592743749,
   "omega_bal_claim": 15.507528337510594,
   "omega_saved_in_npz": 15.507528337510594,
   "c_omega_at_bal_mine": 3.090807609851254e-10,
   "c_omega_rel": 1.08093226600073e-10,
   "Q2_mix_share": 1.0615376049012752,
   "Q2_over_a2": -0.6070864702383649,
   "Fnorm_recomputed_f32": 265.72333817010235,
   "Fnorm_claim_f64": 264.65716656203705,
   "omega_ratio_vs_prev": 0.6832953074701391,
   "Q2_ratio_vs_prev": 2.1387748207830897,
   "a2_ratio_vs_prev": 2.0000000363741566
  },
  "r8": {
   "a2_target": 0.6074492936975603,
   "a2_measured": 0.6074492977564951,
   "a2_rel_err": 6.6819319686460205e-09,
   "S0_mine": 44.232139556746105,
   "S0_claim": 44.23212429617879,
   "S0_rel_err": 3.4501095209227524e-07,
   "Q2_mine": -0.40878624788123286,
   "Q2_claim": -0.4087860329895108,
   "Q2_rel_err": 5.25682642608676e-07,
   "omega_bal_mine": 10.40209546119307,
   "omega_bal_claim": 10.40209640087479,
   "omega_saved_in_npz": 10.40209640087479,
   "c_omega_at_bal_mine": -8.586056310377899e-10,
   "c_omega_rel": 2.0191873662622412e-10,
   "Q2_mix_share": 1.084439861057208,
   "Q2_over_a2": -0.6729553386447419,
   "Fnorm_recomputed_f32": 186.94256689348816,
   "Fnorm_claim_f64": 185.32373882820926,
   "omega_ratio_vs_prev": 0.6707766502211863,
   "Q2_ratio_vs_prev": 2.2169999520363084,
   "a2_ratio_vs_prev": 1.999999997192775
  },
  "x2": {
   "a2_target": 1.2148985955129903,
   "a2_measured": 1.214898545513846,
   "a2_rel_err": 4.115499397642827e-08,
   "S0_mine": 44.15439585989904,
   "S0_claim": 44.15428872976518,
   "S0_rel_err": 2.4262679106511284e-06,
   "Q2_mine": -0.8209648591208429,
   "Q2_claim": -0.8209646585848063,
   "Q2_rel_err": 2.4426878132725343e-07,
   "omega_bal_mine": 7.33372616180007,
   "omega_bal_claim": 7.333718160723068,
   "omega_saved_in_npz": 7.333718160723068,
   "c_omega_at_bal_mine": -4.4914649777183513e-10,
   "c_omega_rel": 7.459998845056591e-11,
   "Q2_mix_share": 1.1559996896743254,
   "Q2_over_a2": -0.6757476681096961,
   "Fnorm_recomputed_f32": 205.26581061243894,
   "Fnorm_claim_f64": 203.1331438842955,
   "omega_ratio_vs_prev": 0.7050239241852647,
   "Q2_ratio_vs_prev": 2.008298623977592,
   "a2_ratio_vs_prev": 1.999999917690012
  },
  "x4": {
   "a2_target": 2.4297971910259806,
   "a2_measured": 2.429797242138996,
   "a2_rel_err": 2.1035918465363734e-08,
   "S0_mine": 45.41500892283902,
   "S0_claim": 45.41527488033425,
   "S0_rel_err": 5.85612430908264e-06,
   "Q2_mine": -1.1279137620895219,
   "Q2_claim": -1.1279150820411843,
   "Q2_rel_err": 1.17025801271001e-06,
   "omega_bal_mine": 6.3454401774031055,
   "omega_bal_claim": 6.3454550444148845,
   "omega_saved_in_npz": 6.3454550444148845,
   "c_omega_at_bal_mine": -4.790106089558321e-10,
   "c_omega_rel": 6.692794376931403e-11,
   "Q2_mix_share": 1.612051516092705,
   "Q2_over_a2": -0.46420077466900006,
   "Fnorm_recomputed_f32": 948.3837764177352,
   "Fnorm_claim_f64": 948.4270062455894,
   "omega_ratio_vs_prev": 0.8652409481083776,
   "Q2_ratio_vs_prev": 1.3738879923525413,
   "a2_ratio_vs_prev": 2.00000012438183
  }
 },
 "L4_rank_one_grad": {
  "dw_fd_of_my_omega_bal": 37.8561039617864,
  "dw_claimant_formula": 37.81451398593573,
  "rel_err": 0.0010986332849426987
 }
}