{
 "hist": [
  {
   "iter": 1,
   "F_norm": 661.1002850327175,
   "F_rel": 0.06275918016224778,
   "omega": 11.63260829131546,
   "h1_norm": 0.41227449606594274,
   "lam": 1.0,
   "accepted": true,
   "lsmr_stop": 7,
   "wall_s": 704.5,
   "c_omega": -1.2718404582438039,
   "c_amp": -0.3237098231350989
  },
  {
   "iter": 2,
   "F_norm": 186.93473226658327,
   "F_rel": 0.017745977133135634,
   "omega": 11.617470389679898,
   "h1_norm": 0.38759117370295654,
   "lam": 1.0,
   "accepted": true,
   "lsmr_stop": 7,
   "wall_s": 1407.9,
   "c_omega": -1.8622795148112457,
   "c_amp": -0.40226608563886
  }
 ],
 "params": {
  "nr": 32,
  "nz": 64,
  "Nt": 2,
  "b0": 0.0,
  "omega0": 11.7,
  "wscale": 0.03407009618611885,
  "a2_star": 0.2513274122867839
 }
}