{
 "hist": [
  {
   "iter": 1,
   "F_norm": 338.09857972107653,
   "F_rel": 0.32046390991658097,
   "omega_bal": 22.837942217767544,
   "S0": 44.40891635267955,
   "Q2": -0.08514442877817174,
   "lam": 1.0,
   "accepted": true,
   "lsmr_stop": 7,
   "wall_s": 694.7
  },
  {
   "iter": 2,
   "F_norm": 338.0374405544578,
   "F_rel": 0.32040595966905305,
   "omega_bal": 22.6951943790761,
   "S0": 44.40521072223861,
   "Q2": -0.08621168270588697,
   "lam": 0.25,
   "accepted": true,
   "lsmr_stop": 7,
   "wall_s": 1392.4
  },
  {
   "iter": 3,
   "F_norm": 338.0374405544578,
   "F_rel": 0.32040595966905305,
   "omega_bal": 22.6951943790761,
   "S0": 44.40521072223861,
   "Q2": -0.08621168270588697,
   "lam": 0.015625,
   "accepted": false,
   "lsmr_stop": 7,
   "wall_s": 2082.1
  }
 ],
 "a2_star": 0.15186232342439007
}