{
  "task": "M5.16",
  "script": "m5_16_axisym.py",
  "mode": "radial",
  "convention": "Duda index-0: D=diag(g,1,delta,0), eta=diag(-1,1,1,1)",
  "grid": {
    "NR": 48,
    "NZ": 96,
    "h": 1.0,
    "dr": 0.5,
    "n_knots": 136
  },
  "params": {
    "beta": 1.0,
    "cscale_input": 0.002,
    "cscale_used": 0.011836869995143367,
    "a": -0.005918434997571685,
    "b": 0.011836869995143367,
    "c": 0.011836869995143367,
    "vvac": -0.005918434997571685,
    "rc_seed": 6.0,
    "autochi": 1,
    "iters": 4000
  },
  "chain_gradcheck_max_rel": 9.648527981427053e-07,
  "E_fire": 21.73756220766321,
  "E_best": 21.737562207663128,
  "monotone_fire": true,
  "gnorm_decades": 6.312597507781224,
  "gnorm_final": 3.828448196481458e-06,
  "wall_s": {
    "fire": 3.2
  },
  "s_knots_r": [
    0.0,
    0.5,
    1.0,
    1.5,
    2.0,
    2.5,
    3.0,
    3.5,
    4.0,
    4.5,
    5.0,
    5.5,
    6.0,
    6.5,
    7.0,
    7.5,
    8.0,
    8.5,
    9.0,
    9.5,
    10.0,
    10.5,
    11.0,
    11.5,
    12.0,
    12.5,
    13.0,
    13.5,
    14.0,
    14.5,
    15.0,
    15.5,
    16.0,
    16.5,
    17.0,
    17.5,
    18.0,
    18.5,
    19.0,
    19.5,
    20.0,
    20.5,
    21.0,
    21.5,
    22.0,
    22.5,
    23.0,
    23.5,
    24.0,
    24.5,
    25.0,
    25.5,
    26.0,
    26.5,
    27.0,
    27.5,
    28.0,
    28.5,
    29.0,
    29.5,
    30.0,
    30.5,
    31.0,
    31.5,
    32.0,
    32.5,
    33.0,
    33.5,
    34.0,
    34.5,
    35.0,
    35.5,
    36.0,
    36.5,
    37.0,
    37.5,
    38.0,
    38.5,
    39.0,
    39.5,
    40.0,
    40.5,
    41.0,
    41.5,
    42.0,
    42.5,
    43.0,
    43.5,
    44.0,
    44.5,
    45.0,
    45.5,
    46.0,
    46.5,
    47.0,
    47.5,
    48.0,
    48.5,
    49.0,
    49.5,
    50.0,
    50.5,
    51.0,
    51.5,
    52.0,
    52.5,
    53.0,
    53.5,
    54.0,
    54.5,
    55.0,
    55.5,
    56.0,
    56.5,
    57.0,
    57.5,
    58.0,
    58.5,
    59.0,
    59.5,
    60.0,
    60.5,
    61.0,
    61.5,
    62.0,
    62.5,
    63.0,
    63.5,
    64.0,
    64.5,
    65.0,
    65.5,
    66.0,
    66.5,
    67.0,
    67.5
  ],
  "s_knots": [
    0.0,
    0.09850349968314984,
    0.11897863505711757,
    0.1912923288064386,
    0.26601570708272854,
    0.31963054597091184,
    0.3801218272621368,
    0.4392494371806423,
    0.4967866108173083,
    0.5477159848994673,
    0.5982315610065482,
    0.64481045352623,
    0.6877165178833962,
    0.7267820422102399,
    0.7628078300631351,
    0.7950646794550869,
    0.8239970466730475,
    0.8493124140919142,
    0.8722188458385111,
    0.8914844280884718,
    0.9085885847808408,
    0.9230462042531878,
    0.9355998834348672,
    0.9460869428918531,
    0.9550189909919269,
    0.962489265621966,
    0.9687277519081,
    0.9738312038134479,
    0.9781433200784478,
    0.9816247706561505,
    0.9845315091999682,
    0.9868921818922113,
    0.9888826396493559,
    0.9904762186944501,
    0.9918121563874482,
    0.9929197719792859,
    0.9938366755839572,
    0.994597271953016,
    0.9952420437693833,
    0.9957898223343522,
    0.99625087040942,
    0.9966474528776889,
    0.9969917967029408,
    0.9972871690547055,
    0.9975439655793819,
    0.9977727167265499,
    0.9979708760475342,
    0.9981471003293246,
    0.9983036659359292,
    0.9984454350807644,
    0.9985695589640271,
    0.9986823445003694,
    0.9987842194178292,
    0.9988759744702174,
    0.998958256134701,
    0.9990341808569798,
    0.999102543614045,
    0.9991651236920625,
    0.9992218414030848,
    0.9992747772107478,
    0.9993222942425357,
    0.9993662392816659,
    0.9994067581012152,
    0.9994440347627387,
    0.9994781768233555,
    0.9995099693805312,
    0.9995393708326477,
    0.9995665071791319,
    0.9995914942030314,
    0.9996150991039839,
    0.9996366863996675,
    0.9996568691758546,
    0.9996756376968926,
    0.9996932335956692,
    0.9997095369879095,
    0.9997247972256866,
    0.9997391540532359,
    0.9997525085434092,
    0.9997649623294472,
    0.999776829210984,
    0.9997877892862813,
    0.9997982624652473,
    0.9998081772151254,
    0.9998182415475155,
    0.9998257324478145,
    0.9998378462097597,
    0.9998500421128119,
    0.9998674086930284,
    0.9998423480151724,
    1.0,
    1.0,
    1.0,
    1.0,
    1.0,
    1.0,
    1.0,
    1.0,
    1.0,
    1.0,
    1.0,
    1.0,
    1.0,
    1.0,
    1.0,
    1.0,
    1.0,
    1.0,
    1.0,
    1.0,
    1.0,
    1.0,
    1.0,
    1.0,
    1.0,
    1.0,
    1.0,
    1.0,
    1.0,
    1.0,
    1.0,
    1.0,
    1.0,
    1.0,
    1.0,
    1.0,
    1.0,
    1.0,
    1.0,
    1.0,
    1.0,
    1.0,
    1.0,
    1.0,
    1.0,
    1.0,
    1.0
  ],
  "obs": {
    "E_curv_num": 15.87886279664118,
    "E_pot_num": 5.858699411021947,
    "E_ext_tail": 1.9094446799668479,
    "E_tot": 23.64700688762997,
    "E_beyond_rmax_ball": 2.1322654452906313,
    "virial_ratio_curv_over_3pot": 1.012073740185575,
    "r_half": 8.814622587495027,
    "sphericity_max_ds": 3.3306690738754696e-16,
    "r_bins": [
      0.25,
      0.75,
      1.25,
      1.75,
      2.25,
      2.75,
      3.25,
      3.75,
      4.25,
      4.75,
      5.25,
      5.75,
      6.25,
      6.75,
      7.25,
      7.75,
      8.25,
      8.75,
      9.25,
      9.75,
      10.25,
      10.75,
      11.25,
      11.75,
      12.25,
      12.75,
      13.25,
      13.75,
      14.25,
      14.75,
      15.25,
      15.75,
      16.25,
      16.75,
      17.25,
      17.75,
      18.25,
      18.75,
      19.25,
      19.75,
      20.25,
      20.75,
      21.25,
      21.75,
      22.25,
      22.75,
      23.25,
      23.75,
      24.25,
      24.75,
      25.25,
      25.75,
      26.25,
      26.75,
      27.25,
      27.75,
      28.25,
      28.75,
      29.25,
      29.75,
      30.25,
      30.75,
      31.25,
      31.75,
      32.25,
      32.75,
      33.25,
      33.75,
      34.25,
      34.75,
      35.25,
      35.75,
      36.25,
      36.75,
      37.25,
      37.75,
      38.25,
      38.75,
      39.25,
      39.75,
      40.25,
      40.75,
      41.25,
      41.75,
      42.25,
      42.75,
      43.25,
      43.75,
      44.25,
      44.75,
      45.25,
      45.75,
      46.25,
      46.75
    ],