{
 "GF": {
  "ok": true,
  "detail": {
   "d0.1_seed_1d": 0.0,
   "d0.1_seed_d0": 0.0,
   "d0.1_random": 1.3114120263752765e-16,
   "d0.3_seed_1d": 0.0,
   "d0.3_seed_d0": 0.0,
   "d0.3_random": 1.3113693699474966e-16,
   "d0.5_seed_1d": 0.0,
   "d0.5_seed_d0": 0.0,
   "d0.5_random": 1.3112590101605218e-16
  }
 },
 "GA1": {
  "ok": true,
  "detail": {
   "per_dt": {
    "0.04": {
     "drift_rel": 3.887396876886272e-06,
     "wall_s": 16.83882713317871,
     "finite": true
    },
    "0.02": {
     "drift_rel": 9.718416236741978e-07,
     "wall_s": 34.40161204338074,
     "finite": true
    },
    "0.01": {
     "drift_rel": 2.4295993191438113e-07,
     "wall_s": 69.73783612251282,
     "finite": true
    }
   },
   "ratios": [
    4.0000312624904515,
    4.000007803824517
   ]
  }
 },
 "GA2": {
  "ok": true,
  "detail": {
   "budget_drift_rel": 9.718416236741978e-07,
   "E_abs_final": 0.0
  }
 },
 "GA3": {
  "ok": true,
  "detail": {
   "pair_1d": {
    "vacuum_rho_phi_z": [
     0.3,
     0.0,
     1.0
    ],
    "spread_growth_cells": -0.007241352775309906,
    "drift_rel": 4.1574145224212237e-07,
    "wall_s": 106.27889013290405
   },
   "pair_d0": {
    "vacuum_rho_phi_z": [
     0.0,
     1.0,
     0.3
    ],
    "spread_growth_cells": 0.7885047371901006,
    "drift_rel": 1.487964171311953e-07,
    "wall_s": 106.82895398139954
   }
  }
 },
 "wall_s": 372.5
}