{
 "spread_growth_comm": 1.306053778460381e-06,
 "spread_growth_dir": 48.219004929818475,
 "detail": {
  "comm": {
   "t": [
    0.0,
    10.0,
    20.0,
    30.0,
    40.0,
    50.0,
    60.0
   ],
   "r2": [
    8.999109784897614,
    8.999109823228252,
    8.999110756483383,
    8.999113607775184,
    8.999116881175238,
    8.999118326028135,
    8.999117620834426
   ],
   "drift_rel": 1.1167868165473769e-07,
   "wall_s": 107.83526515960693
  },
  "dir": {
   "t": [
    0.0,
    10.0,
    20.0,
    30.0,
    40.0,
    50.0,
    60.0
   ],
   "r2": [
    8.999109784897614,
    92.97181345678787,
    341.18566974303826,
    755.7420332857354,
    1317.2381260580025,
    1959.091189321109,
    2623.3712670030245
   ],
   "drift_rel": 1.0003730204869334e-05,
   "wall_s": 165.93597388267517
  }
 }
}