{
 "start": {
  "kin0": 0.1205488175625523,
  "J": 0.2410976351251046,
  "om_target": 1.0,
  "E_u0": 4.87720346508467,
  "E_v0": 1.9189264815853249,
  "spec_core0": [
   0.025792406253663233,
   0.28277246618294005,
   0.9934593523364461,
   8.000012397766113
  ],
  "twist0": {
   "b": 0.0005983906739905888,
   "d": 0.07889484063515058,
   "k_star": -0.003792330836675672
  }
 },
 "hist": [
  {
   "iter": 300,
   "kin": 0.1205488175625523,
   "omega_star": 1.0,
   "E_rot": 0.1205488175625523,
   "E_u": 4.878452599027827,
   "E_v": 1.904116048258816,
   "fire_stop": "max_iter"
  },
  {
   "iter": 600,
   "kin": 0.12109292131937038,
   "omega_star": 0.99550672532391,
   "E_rot": 0.12000715861336589,
   "E_u": 4.879794828612342,
   "E_v": 1.888587808862601,
   "fire_stop": "max_iter"
  },
  {
   "iter": 900,
   "kin": 0.12165978749246995,
   "omega_star": 0.990868223980858,
   "E_rot": 0.11944799276119866,
   "E_u": 4.881138451839142,
   "E_v": 1.8733448681197544,
   "fire_stop": "max_iter"
  },
  {
   "iter": 1200,
   "kin": 0.12221210060485352,
   "omega_star": 0.9863901934909123,
   "E_rot": 0.11890817148062664,
   "E_u": 4.882486440011627,
   "E_v": 1.858298493171947,
   "fire_stop": "max_iter"
  }
 ],
 "stop": "maxit",
 "final": {
  "kin_final": 0.12275359477601827,
  "omega_star_final": 0.9820390008334264,
  "E_u": 4.882486440011627,
  "E_v": 1.858298493171947,
  "spec_core": [
   0.0260225126289451,
   0.28264870513974194,
   0.9937256609316256,
   8.000011902913839
  ],
  "twist": {
   "b": 0.001427227113707053,
   "d": 0.08019510288470773,
   "k_star": -0.00889846800096324
  },
  "rel_move_from_start": 0.00012012012046710124
 }
}