{
 "cl1": {
  "worst_rel": {
   "qa": 2.3974164284975865e-15,
   "qb": 3.0183073279292934e-15,
   "qd": 3.66774805836127e-15,
   "qc": 2.20366637937886e-15,
   "s1": 5.706618039046951e-15,
   "s2": 7.015495201823638e-15
  },
  "pass": true
 },
 "cl2": {
  "skyrme_null_max": 1.1368683772161603e-13,
  "qc_lift": 21.573313230016502,
  "vac_spectra": {
   "qa": [
    -0.9999999999999999,
    -0.9999999999999998,
    -0.9999999999999996,
    0.9999999999999991,
    0.9999999999999997,
    0.9999999999999998,
    1.0,
    1.0000000000000002,
    1.0000000000000002,
    1.0000000000000013
   ],
   "qb": [
    -3.5,
    -0.49999999999999967,
    -0.3500000000000001,
    -4.311288443442282e-17,
    3.5,
    3.849999999999998,
    3.9999999999999987,
    4.2,
    4.3500000000000005,
    4.4999999999999964
   ],
   "qd": [
    -4.3404877975039834e-15,
    0.0,
    0.0,
    0.0,
    0.0,
    0.0,
    0.0,
    2.374804898451866e-15,
    1.2770344267449172e-14,
    62.390000000000015
   ],
   "qc": [
    12.249999999999996,
    12.25,
    12.250000000000002,
    14.69999999999999,
    14.700000000000001,
    15.749999999999991,
    15.749999999999998,
    17.639999999999997,
    18.900000000000006,
    20.250000000000007
   ]
  },
  "pass": true
 },
 "cg": {
  "cg1_pi": 0.0,
  "cg2_gradm_t": 1.3825964354564235e-16,
  "cg3_g_u": 2.6655283257214877e-16,
  "cg4_kdot": 1.5578423723134974e-16,
  "cg5_k10_build": 2.1311142764268316e-16,
  "pass": true
 },
 "all_pass": true
}