{
 "GS1_single_vs_seed3": 6.661338147750939e-16,
 "GS2_anti_spec_dev": 0.0012414013333434948,
 "GS2_same_spec_dev": 0.0012414013333437168,
 "GQ": {
  "single": {
   "n_conflicts": 0,
   "top": [
    0.03178158610172063,
    0.05869056088795803
   ],
   "bot": [
    0.05698612750511608,
    0.0961091425814593
   ],
   "far": [
    1.0504704750767384,
    1.0427166961094703
   ]
  },
  "mirror": {
   "n_conflicts": 0,
   "top": [
    -0.03178158610172061,
    -0.05869056088795808
   ],
   "bot": [
    -0.05698612750511616,
    -0.09610914258145943
   ],
   "far": [
    -1.0504704750767384,
    -1.0427166961094703
   ]
  },
  "anti": {
   "n_conflicts": 0,
   "top": [
    1.1135346006711422,
    1.086891022709972
   ],
   "bot": [
    -1.1187252241022747,
    -1.087564431799497
   ],
   "far": [
    0.0012033376815980931,
    0.00030762840107033916
   ]
  },
  "same": {
   "n_conflicts": 20,
   "top": [
    0.06596256321078839,
    0.13928819854208022
   ],
   "bot": [
    1.0042077200203792,
    1.3649981067009023
   ],
   "far": [
    2.078015283865112,
    2.0666374521312663
   ]
  }
 },
 "GD_econs_rel": 4.611162686476831e-06,
 "GD_sponge_monotone": true
}