{
 "task": "M5.21",
 "phase": "B",
 "delta": 0.3,
 "g": 8.0,
 "wscale": 0.0007240238793069094,
 "grid": [
  128,
  256,
  1.0
 ],
 "a_core_seed": 0.43333333333333335,
 "seed": {
  "E": 21.51016571922492,
  "core": {
   "core_lams": [
    0.45076783379673835,
    0.4292310979301792,
    0.4200010682730825
   ],
   "core_spread": 0.03076676552365587,
   "core_spread_over_vacuum_aniso": 0.03076676552365587,
   "core_mean": 0.43333333333333335,
   "a_predicted": 0.43333333333333335,
   "n_cells": 2
  },
  "q_meridional": 0.9723383008666762,
  "center": [
   1.6127678872815032,
   1.7347764155296996e-18
  ]
 },
 "relaxed": {
  "E": 11.197654711495062,
  "core": {
   "core_lams": [
    0.5908489241674885,
    0.48335250164970534,
    0.2838393320459485
   ],
   "core_spread": 0.30700959212153994,
   "core_spread_over_vacuum_aniso": 0.30700959212153994,
   "core_mean": 0.45268025262104744,
   "a_predicted": 0.43333333333333335,
   "n_cells": 2
  },
  "q_meridional": 0.9560975905463993,
  "center": [
   1.9879851484280497,
   -2.8531267729888603e-16
  ],
  "r_half": 6.5,
  "amp_profile_r": [
   0.5,
   1.5,
   2.5,
   3.5,
   4.5,
   5.5,
   6.5,
   7.5,
   8.5,
   9.5,
   10.5,
   11.5,
   12.5,
   13.5,
   14.5,
   15.5,
   16.5,
   17.5,
   18.5,
   19.5,
   20.5,
   21.5,
   22.5,
   23.5,
   24.5,
   25.5,
   26.5,
   27.5,
   28.5,
   29.5,
   30.5,
   31.5,
   32.5,
   33.5,
   34.5,
   35.5,
   36.5,
   37.5,
   38.5,
   39.5
  ],
  "amp_profile": [
   0.5306483719096718,
   0.6005861330041853,
   0.4910753626566875,
   0.41828594640738537,
   0.34641696867126703,
   0.2825506097335637,
   0.23152486938904593,
   0.16421735070088678,
   0.12636762715824626,
   0.0912383505362552,
   0.06392877198173547,
   0.044981095801498165,
   0.02891007385006584,
   0.018645849985591725,
   0.012380611711476024,
   0.00880635475683291,
   0.006258662585197508,
   0.004902903354819127,
   0.0038885465277393788,
   0.0030710363058725834,
   0.0024366545581618907,
   0.0019587106895438385,
   0.0016420297104386256,
   0.001423824074473192,
   0.001179717802739627,
   0.0009965448502265402,
   0.0008458606494974776,
   0.0007189740214182263,
   0.0006334681356656815,
   0.0005521784060919617,
   0.00048384990861994985,
   0.00041985029916436465,
   0.0003684382999179198,
   0.00032428372289804115,
   0.00029211662689989157,
   0.00026320132318745175,
   0.0002340512511772783,
   0.00020812435710830136,
   0.00018559314443767483,
   0.00016679264140562775
  ]
 },
 "fire": {
  "E_seed": 21.51016571922492,
  "fmax_seed": 2.9039091137251942,
  "trace": [
   {
    "it": 1000,
    "E": 16.831779460323105,
    "fmax": 0.10888285977271542,
    "dt": 0.021285715395060082
   },
   {
    "it": 2000,
    "E": 15.372327665466795,
    "fmax": 0.043727825226048345,
    "dt": 0.0031969099559618517
   },
   {
    "it": 3000,
    "E": 14.456807031943153,
    "fmax": 0.5015380237047374,
    "dt": 0.02721940618649525
   },
   {
    "it": 4000,
    "E": 13.775682566623857,
    "fmax": 0.026790398750786287,
    "dt": 0.0067571790191920675
   },
   {
    "it": 5000,
    "E": 13.246523640855026,
    "fmax": 0.12389432616710933,
    "dt": 0.023773783384461757
   },
   {
    "it": 6000,
    "E": 12.808458944926931,
    "fmax": 0.014349948147951269,
    "dt": 0.006491988844679689
   },
   {
    "it": 7000,
    "E": 12.430145075045072,
    "fmax": 0.012784443702703563,
    "dt": 0.01672058185438661
   },
   {
    "it": 8000,
    "E": 12.119678229728327,
    "fmax": 0.011843641200206452,
    "dt": 0.009131893659481907
   },
   {
    "it": 9000,
    "E": 11.847165391890044,
    "fmax": 0.018068412452452137,
    "dt": 0.01460397366293657
   },
   {
    "it": 10000,
    "E": 11.606896944901475,
    "fmax": 0.06684932151760853,
    "dt": 0.023355073405426113
   },
   {
    "it": 11000,
    "E": 11.397984782971097,
    "fmax": 0.00987175104548212,
    "dt": 0.012755300539484088
   },
   {
    "it": 12000,
    "E": 11.197654711495062,
    "fmax": 0.00929581114714666,
    "dt": 0.0067876424265478855
   }
  ]
 },
 "GS": {
  "GS1_descent": {
   "ok": true,
   "force_drop": 312.38899626489786
  },
  "GS2_core": {
   "spread_frac": 0.30700959212153994,
   "a_measured": 0.45268025262104744,
   "a_predicted": 0.43333333333333335,
   "a_relerr": 0.04464673681780175
  },
  "GS3_charge": {
   "ok": true,
   "q": 0.9560975905463993
  },
  "GS4_finite_localized": {
   "ok": true,
   "r_half": 6.5
  }
 }
}