{
 "n": 48,
 "delta": 0.3,
 "bc": "pinned",
 "iters": 800,
 "ret_seed": 1.0,
 "ret_end": 0.9201946606915138,
 "ret_per_eig_end": [
  0.9085690122678217,
  0.9418278524063942,
  0.9101871174003251
 ],
 "E_seed": 17.81071722331168,
 "E_end": 4.994916289773366,
 "u_over_3v_end": 0.9704334713078321,
 "core_end": {
  "core_lams": [
   0.22594500309844873,
   0.5727824050993987,
   0.8162641012235323
  ],
  "core_spread": 0.5903190981250837,
  "axis_lams": [
   0.42952764433068186,
   0.6167637729752761,
   0.6966660260129619
  ]
 },
 "stop": "max_iter",
 "wall_s": 115.52577996253967
}