{
 "seed_A_baseline": {
  "E_u_2h": 17.627694223723246,
  "E_u_fwd": 22.213572923982404,
  "sawtooth": 1.0168973623285031
 },
 "A_free": {
  "E_u_2h": 0.003931216566695938,
  "E_u_fwd": 6493.531159148142,
  "E_v_pointwise": 0.01989064741811088,
  "sawtooth": 2.066558974566928
 },
 "A_pinned": {
  "E_u_2h": 3.3500965151314226,
  "E_u_fwd": 35103.67793667151,
  "E_v_pointwise": 0.3717246070246135,
  "sawtooth": 3.5099946291628483
 },
 "A_pinned_fwd": {
  "E_u_2h": 54.56116049128501,
  "E_u_fwd": 0.5509391873219172,
  "E_v_pointwise": 0.07443658279509263,
  "sawtooth": 1.3474751560234228
 },
 "A_pinned_w100fwd": {
  "E_u_2h": 71.78350004464774,
  "E_u_fwd": 0.7875581295598368,
  "E_v_pointwise": 0.004359403389498267,
  "sawtooth": 1.3391968566984167
 },
 "B_pinned": {
  "E_u_2h": 16.83282092532928,
  "E_u_fwd": 67564.16787784721,
  "E_v_pointwise": 0.5370188688536295,
  "sawtooth": 3.002554117682926
 },
 "B_pinned_fwd": {
  "E_u_2h": 236.9113011955188,
  "E_u_fwd": 33.87396661387791,
  "E_v_pointwise": 0.17907975423873732,
  "sawtooth": 1.2897894468572648
 },
 "C_pinned": {
  "E_u_2h": 5.499958309410984,
  "E_u_fwd": 18146.246938606935,
  "E_v_pointwise": 0.10027088871882693,
  "sawtooth": 2.394347066217641
 },
 "C_pinned_fwd": {
  "E_u_2h": 89.29068027947105,
  "E_u_fwd": 8.323842371119323,
  "E_v_pointwise": 0.07788964948594629,
  "sawtooth": 1.2104386454506275
 },
 "R_pinned_fwd": {
  "E_u_2h": 67.20957648942098,
  "E_u_fwd": 0.5272335721245293,
  "E_v_pointwise": 0.0752789915226657,
  "sawtooth": 1.3558831626078427
 }
}