{
 "C1": {
  "hedgehog": {
   "F_eq_eps_n_over_r2_relerr": 8.586939733209548e-17,
   "B2_r4_minus_1_max": 9.992007221626409e-16,
   "flux_exact": "B_r = 1/r^2 so the sphere integral = 4 pi identically",
   "sum_Fij2_ilej_r4": 9.992007221626409e-16,
   "annulus_divB_sum_over_4pi": 0.06362917741172779,
   "Br_r2_mean_shell": 1.0
  },
  "unit_chain": [
   {
    "c2p": 0.211,
    "l_cm": 3.7e-12,
    "u_coef_over_alpha_hbar_c_8pi": 1.0,
    "q_over_e": 1.0,
    "lam_l2_over_q": 1.0000000000000002,
    "mu_coef_indep_ratio": 0.9999999999999996,
    "g_dimensional": 8.053507380207089,
    "g_formula_muE_2piS": 8.053507380207089,
    "g_ratio": 1.0,
    "k_derived": 0.07957747154594767,
    "k_target_1_over_4pi": 0.07957747154594767
   },
   {
    "c2p": 0.05,
    "l_cm": 1.9e-11,
    "u_coef_over_alpha_hbar_c_8pi": 1.0,
    "q_over_e": 1.0,
    "lam_l2_over_q": 1.0,
    "mu_coef_indep_ratio": 1.0,
    "g_dimensional": 9.799964149092784,
    "g_formula_muE_2piS": 9.79996414909278,
    "g_ratio": 1.0000000000000004,
    "k_derived": 0.07957747154594769,
    "k_target_1_over_4pi": 0.07957747154594767
   }
  ],
  "rigid_rotor": {
   "kin_2a_over_4kin_a": 1.0,
   "dE_domega_at_1_over_2kin": 0.9999999999999984
  }
 },
 "C2": {
  "record": 3.3776756140804354,
  "mine_dphi3e-4_central": 3.3776760577393827,
  "mine_vec": [
   -3.131286542468674,
   1.2663886163141862,
   0.00011158080463988712
  ],
  "var_dphi2_2e-3": 3.3808034588157816,
  "var_pole_tol_0.05": 3.377676058317412,
  "noise_1e-6_rel": 3.3992679801467722,
  "radial": {
   "R4": 0.05066612343565635,
   "R6": 1.0218204163986127,
   "R8": 3.0588895557548823,
   "R10": 3.2869065497498267,
   "R12": 3.350802680269312,
   "R14": 3.3772507161944807,
   "R16": 3.377667543464413,
   "R100": 3.3776760577393827
  },
  "twist_mu_clock": 3.342079754035768e-08,
  "mu_curlB": 0.11807557807869315,
  "mu_total": 3.279075440770068
 },
 "C3": {
  "record": 0.018245417515429206,
  "mine": 0.018245524939451457,
  "mine_vec": [
   -0.004225052013569309,
   -0.003403539621557283,
   0.017420219110082073
  ],
  "ratio_fj_over_t32": 185.12353406922207,
  "radial": {
   "R4": 0.001691935440861415,
   "R6": 0.005370402697506644,
   "R8": 0.010933283571203727,
   "R10": 0.016445207207055574,
   "R12": 0.018159122890432422,
   "R14": 0.018245200458227417,
   "R16": 0.01824565158223075,
   "R100": 0.018245524939451457
  }
 },
 "structure_fjom": {
  "label": "fjom0.2 tilt12 clock",
  "net": 3.3776760577394214,
  "gross": 639.861004849842,
  "cancel_net_over_gross": 0.005278765282050702,
  "pos_sum": 321.6193404537907,
  "neg_sum": 318.2416643960513,
  "mu_hat": [
   -0.9270535388655321,
   0.374928973254397,
   3.303478567289432e-05
  ],
  "angle_to_z_deg": 89.99810724620347,
  "shells": [
   {
    "r": [
     0,
     2
    ],
    "dmu": -0.007116403020980412,
    "vox": 8
   },
   {
    "r": [
     2,
     4
    ],
    "dmu": 0.01900224934774375,
    "vox": 80
   },
   {
    "r": [
     4,
     6
    ],
    "dmu": 0.9699141210774798,
    "vox": 192
   },
   {
    "r": [
     6,
     8
    ],
    "dmu": 2.0634423010077683,
    "vox": 344
   },
   {
    "r": [
     8,
     10
    ],
    "dmu": 0.23585497177289483,
    "vox": 584
   },
   {
    "r": [
     10,
     12
    ],
    "dmu": 0.06946612351865156,
    "vox": 968
   },
   {
    "r": [
     12,
     14
    ],
    "dmu": 0.026687289556464044,
    "vox": 1272
   },
   {
    "r": [
     14,
     16
    ],
    "dmu": 0.0004168901524796778,
    "vox": 1592
   },
   {
    "r": [
     16,
     999
    ],
    "dmu": 8.514326947826932e-06,
    "vox": 16912
   }
  ],
  "hemispheres_pos_neg": {
   "x": [
    236.16949952900384,
    -232.79182347126442
   ],
   "y": [
    -66.22127386000996,
    69.59894991774938
   ],
   "z": [
    -5.056565966225577,
    8.434242023965012
   ]
  },
  "octants": [
   37.55877400153864,
   46.966946706549564,
   76.48206858787331,
   75.16171023304231,
   -74.58661626982222,
   -76.16037829827593,
   -44.51079228581531,
   -37.53403661735094
  ],
  "vox_for_50pct_of_gross": 277,
  "n_masked": 21952,
  "top10_net_over_net": 0.009808476094354557,
  "top1pct_net_over_net": 0.6023235176312755
 },
 "structure_t32A": {
  "label": "t32A tilt12 clock",
  "net": 0.018245524939530355,
  "gross": 358.88036906252614,
  "cancel_net_over_gross": 5.084013089707762e-05,
  "pos_sum": 179.44930729373286,
  "neg_sum": 179.4310617687933,
  "mu_hat": [
   -0.23156648151205964,
   -0.1865410632389078,
   0.9547666711641241
  ],
  "angle_to_z_deg": 17.29886866004396,
  "shells": [
   {
    "r": [
     0,
     2
    ],
    "dmu": -1.0711232691765216e-05,
    "vox": 8
   },
   {
    "r": [
     2,
     4
    ],
    "dmu": 0.0013392081394529853,
    "vox": 80
   },
   {
    "r": [
     4,
     6
    ],
    "dmu": 0.003862414302794548,
    "vox": 192
   },
   {
    "r": [
     6,
     8
    ],
    "dmu": 0.005674790257501172,
    "vox": 344
   },
   {
    "r": [
     8,
     10
    ],
    "dmu": 0.005575695273726922,
    "vox": 584
   },
   {
    "r": [
     10,
     12
    ],
    "dmu": 0.0017177116944520066,
    "vox": 968
   },
   {
    "r": [
     12,
     14
    ],
    "dmu": 8.609201780274134e-05,
    "vox": 1272
   },
   {
    "r": [
     14,
     16
    ],
    "dmu": 4.511278549855502e-07,
    "vox": 1592
   },
   {
    "r": [
     16,
     999
    ],
    "dmu": -1.266413692223989e-07,
    "vox": 16912
   }
  ],
  "hemispheres_pos_neg": {
   "x": [
    -75.07692856385889,
    75.09517408879843
   ],
   "y": [
    68.0775668923276,
    -68.05932136738808
   ],
   "z": [
    109.94321458747761,
    -109.92496906253808
   ]
  },
  "octants": [
   25.265178326354494,
   -28.769588699189516,
   -7.837824834894807,
   -63.73469335612906,
   63.742160653596976,
   7.839816611565644,
   28.773700442420953,
   -25.260503618785133
  ],
  "vox_for_50pct_of_gross": 212,
  "n_masked": 21952,
  "top10_net_over_net": 0.00967397509062795,
  "top1pct_net_over_net": 0.28808164671564335
 },
 "structure_direction": {
  "tilt12_vs_tilt13_deg": 0.34245945175796744,
  "tilt12_mu_vs_nematic_axes_deg": {
   "eig0_lam0.268": 89.49827547675214,
   "eig1_lam0.318": 85.1588696070178,
   "eig2_lam0.414": 4.867183283085886
  },
  "nematic_eigvals": [
   0.2677541928476825,
   0.3178337889626065,
   0.4144120181897097
  ],
  "angle_to_fjom0.2_dir_deg": {
   "fjom0.5": 0.008373808360890867,
   "fjom1": 0.4989965595328269
  },
  "tilt12_angle_to_z_deg": 89.99810724620347
 },
 "C4": {
  "record": 0.2209,
  "h": 0.5217391304347823,
  "mine_act_mask": 0.22090511813180727,
  "mine_act_mu_total": 0.22090511813180566,
  "mine_sphere_cut_only": 0.22106932753096828,
  "mine_gap_mask": 0.22466857255376443,
  "mine_full_interior_nogap": 0.22466857255376443,
  "radial_act": {
   "R2": 0.0019045339721318595,
   "R2.5": 0.009327357877978325,
   "R3": 0.019270458804759746,
   "R3.5": 0.03278071205711874,
   "R4": 0.04871406601879892,
   "R4.5": 0.06834553557355566,
   "R5": 0.09726061026590879,
   "R5.5": 0.13140416293923468,
   "R6": 0.1595844900810524,
   "R7": 0.20382235354731276,
   "R8": 0.21928279865635972,
   "R9": 0.22090511813180727,
   "R10": 0.22090511813180727,
   "R100": 0.22090511813180727
  },
  "mu_growth_exponent_R2.5_to_6": 3.218244428816303,
  "frac_from_corner_region_r_gt_6": 0.2775880820206562,
  "note": "own seed build: exact r_hat (the record's rc regularization is nullified by its own renormalization), same ePhi shrink + Gram-Schmidt"
 },
 "C5": {
  "fjom0.2": {
   "S_env_twist": 37.18221360010632,
   "S_rigid_twist": 576.8219558899685,
   "S_env_tilt12": 109.92492994146926,
   "rec_env_tw": 37.18221360010632,
   "rec_rigid_tw": 576.8219558899685,
   "rec_env_t12": 109.92492994146926,
   "fd_err": 7.473919843588602e-11
  },
  "t32A": {
   "S_env_twist": 16.20668362638778,
   "S_rigid_twist": 440.39169514213893,
   "S_env_tilt12": 93.5599804556743,
   "rec_env_tw": 16.20668362638778,
   "rec_rigid_tw": 440.39169514213893,
   "rec_env_t12": 93.5599804556743,
   "fd_err": 7.291850448294245e-11
  },