{
 "bg1_static_density": 2.0724890209115885e-16,
 "bg2_g_u_s2": 0.0,
 "bg3_kin_density": 1.9053231000908685e-16,
 "bg3_quadratic": 0.0,
 "bg4_pi": 4.3619952634154825e-16,
 "bg5_g_t": 8.008657867582838e-16,
 "bg6_kdot": 3.7882153558406974e-16,
 "bg7_k10_build": 5.435387325402752e-16,
 "bg8_pi_vs_k10": 5.162944033372141e-16,
 "pass": true
}