{
 "seed": "A",
 "term": "T2",
 "stencil": "sym",
 "eps": 0.0,
 "n": 48,
 "L": 72.0,
 "h": 1.5,
 "delta": 0.3,
 "bc": "pinned",
 "maxit": 16000,
 "tag": "t48_A",
 "E_end": 4.912576804375116,
 "E_u": 3.62246248946479,
 "E_d": 0.0,
 "E_v": 1.2901143149103262,
 "E_seed": 21.26301485245146,
 "r_half": 17.66882848408462,
 "min_gap_end": 0.013141874081241567,
 "stop": "f_tol",
 "trace": [
  {
   "it": 8500,
   "E": 4.912576836310928,
   "E_u": 3.6224528569777483,
   "E_d": 0.0,
   "E_v": 1.2901239793331796,
   "fmax": 8.134466588557707e-08,
   "dt": 0.2
  },
  {
   "it": 9000,
   "E": 4.91257682587141,
   "E_u": 3.6224634092897388,
   "E_d": 0.0,
   "E_v": 1.290113416581671,
   "fmax": 1.0643077482093373e-07,
   "dt": 0.2
  },
  {
   "it": 9500,
   "E": 4.9125768123627,
   "E_u": 3.622465983259077,
   "E_d": 0.0,
   "E_v": 1.2901108291036234,
   "fmax": 6.078116509349686e-08,
   "dt": 0.2
  },
  {
   "it": 10000,
   "E": 4.912576804375116,
   "E_u": 3.62246248946479,
   "E_d": 0.0,
   "E_v": 1.2901143149103262,
   "fmax": 9.967928899831506e-09,
   "dt": 0.2
  }
 ],
 "wall_s": 3109.888888835907
}