{
 "seed": "C",
 "n": 48,
 "delta": 0.3,
 "bc": "pinned",
 "E_end": 5.600229032055729,
 "E_u": 5.499958143128507,
 "E_v": 0.10027088892722216,
 "u_over_3v": 18.28366538540893,
 "r_half": 20.850659461993043,
 "retention": {
  "per_eig": [
   0.3960460299015158,
   0.37152072281104925,
   0.8859643600384831
  ],
  "mean": 0.5511770375836827
 },
 "core": {
  "core_lams": [
   -0.008010204062402843,
   0.3313581071581911,
   0.9736004732169784
  ],
  "core_spread": 0.9816106772793812,
  "axis_lams": [
   -0.17453303903130776,
   0.7077156572971025,
   0.8175212231148568
  ]
 },
 "overlap_end": {
  "r": [
   0.8055840474786496,
   2.416752142435949,
   4.027920237393248,
   5.639088332350548,
   7.250256427307846,
   8.861424522265146,
   10.472592617222446,
   12.083760712179744,
   13.694928807137044,
   15.306096902094342,
   16.917264997051642,
   18.528433092008942,
   20.139601186966242,
   21.75076928192354,
   23.36193737688084,
   24.97310547183814,
   26.58427356679544,
   28.19544166175274,
   29.80660975671004,
   31.417777851667335,
   33.02894594662463,
   34.64011404158194,
   36.25128213653923,
   37.86245023149654
  ],
  "O": [
   [
    [
     0.33382596314495055,
     3.322466596396747e-08,
     0.6661740036303834
    ],
    [
     0.34312564156732944,
     0.484801941358893,
     0.17207241707377757
    ],
    [
     0.32304839528772034,
     0.5151980254164409,
     0.161753579295839
    ]
   ],
   [
    [
     0.3428825166122292,
     0.04737096128715859,
     0.609746522100612
    ],
    [
     0.5146893970280032,
     0.16703815825714763,
     0.31827244471484895
    ],
    [
     0.14242808635976745,
     0.7855908804556937,
     0.07198103318453883
    ]
   ],
   [
    [
     0.36532561018201953,
     0.02715395926687225,
     0.607520430551108
    ],
    [
     0.5148533868856057,
     0.16518605879532763,
     0.3199605543190666
    ],
    [
     0.11982100293237469,
     0.8076599819377999,
     0.07251901512982517
    ]
   ],
   [
    [
     0.3781049383549622,
     0.010834475223053818,
     0.611060586421984
    ],
    [
     0.48256532415515174,
     0.1923333384313147,
     0.32510133741353353
    ],
    [
     0.13932973748988609,
     0.7968321863456316,
     0.06383807616448245
    ]
   ],
   [
    [
     0.4089868693453195,
     0.060749372901087485,
     0.5302637577535929
    ],
    [
     0.44063485681963865,
     0.15728672734332724,
     0.4020784158370341
    ],
    [
     0.15037827383504185,
     0.7819638997555852,
     0.06765782640937287
    ]
   ],
   [
    [
     0.38415761128812415,
     0.02926804043038273,
     0.5865743482814931
    ],
    [
     0.5112142515766539,
     0.13602686172674688,
     0.3527588866965992
    ],
    [
     0.10462813713522201,
     0.8347050978428703,
     0.06066676502190758
    ]
   ],
   [
    [
     0.39143080916171213,
     0.031367835126325995,
     0.5772013557119618
    ],
    [
     0.5167718020880676,
     0.12026498819774209,
     0.3629632097141903
    ],
    [
     0.09179738875022021,
     0.8483671766759319,
     0.05983543457384789
    ]
   ],
   [
    [
     0.3723514862728699,
     0.02391412270220988,
     0.6037343910249202
    ],
    [
     0.5538957189906599,
     0.1033149223218446,
     0.34278935868749555
    ],
    [
     0.0737527947364702,
     0.8727709549759456,
     0.053476250287584244
    ]
   ],
   [
    [
     0.3825225527320771,
     0.02740728956983749,
     0.5900701576980855
    ],
    [
     0.563917858393237,
     0.07044819665960488,
     0.365633944947158
    ],
    [
     0.0535595888746858,
     0.9021445137705576,
     0.04429589735475655
    ]
   ],
   [
    [
     0.42610123284685963,
     0.020131719254146828,
     0.5537670478989933
    ],
    [
     0.5357287478255962,
     0.06084155981663918,
     0.4034296923577647
    ],
    [
     0.03817001932754418,
     0.9190267209292139,
     0.04280325974324183
    ]
   ],
   [
    [
     0.4082869045972478,
     0.019969538497782043,
     0.57174355690497
    ],
    [
     0.5641341895233389,
     0.046582339723182126,
     0.3892834707534789
    ],
    [
     0.027578905879413203,
     0.9334481217790357,
     0.03897297234155098
    ]
   ],
   [
    [
     0.42639736295291314,
     0.019308235383150053,
     0.5542944016639368
    ],
    [
     0.5498679787957084,
     0.037175371380891095,
     0.4129566498234005
    ],
    [
     0.023734658251378445,
     0.9435163932359589,
     0.032748948512662704
    ]
   ],
   [
    [
     0.48902889547392786,
     0.01752634761762443,
     0.4934447569084477
    ],
    [
     0.49321801153584355,
     0.031175723083130373,
     0.47560626538102596
    ],
    [
     0.0177530929902285,
     0.9512979292992452,
     0.030948977710526297
    ]
   ],
   [
    [
     0.6294210263972462,
     0.0166407688559994,
     0.35393820474675447
    ],
    [
     0.35674972314427866,
     0.02275427594783615,
     0.6204960009078851
    ],
    [
     0.013829250458475236,
     0.9606049551961644,
     0.025565794345360313
    ]
   ],
   [
    [
     0.7465952603439365,
     0.011676370467836572,
     0.24172836918822682
    ],
    [
     0.24234471497218502,
     0.01832895962480896,
     0.7393263254030061
    ],
    [
     0.011060024683878344,
     0.9699946699073544,
     0.01894530540876719
    ]
   ],
   [
    [
     0.8114312059591856,
     0.006543813764383985,
     0.18202498027643044
    ],
    [
     0.17896570106423762,
     0.01391191397476272,
     0.8071223849609996
    ],
    [
     0.009603092976576811,
     0.9795442722608534,
     0.01085263476256989
    ]
   ],
   [
    [
     0.8772366798250177,
     0.0033943538401323657,
     0.1193689663348499
    ],
    [
     0.11595387446647844,
     0.009074964682317856,
     0.8749711608512037
    ],
    [
     0.0068094457085038414,
     0.98753068147755,
     0.0056598728139463815
    ]
   ],
   [
    [
     0.919746572022684,
     0.0040130079832973575,
     0.07624041999401862
    ],
    [
     0.07390130817587989,
     0.007523589816354784,
     0.9185751020077653
    ],
    [
     0.006352119801436095,
     0.9884634022003477,
     0.005184477998216047
    ]
   ],
   [
    [
     0.9410261308263927,
     0.005426095463840906,
     0.05354777370976641
    ],
    [
     0.05274265146408835,
     0.005856391262497731,
     0.9414009572734139
    ],
    [
     0.00623121770951897,
     0.9887175132736614,
     0.005051269016819669
    ]
   ],
   [
    [
     0.959571374181186,
     0.0032486690109300815,
     0.037179956807884045
    ],
    [
     0.034871423226107146,
     0.006289432614817134,
     0.9588391441590756
    ],
    [
     0.0055572025927069875,
     0.9904618983742528,
     0.003980899033040232
    ]
   ],
   [
    [
     0.9742310010811426,
     0.0011981442840167341,
     0.024570854634840676
    ],
    [
     0.023605599400325264,
     0.0023635348618564027,
     0.9740308657378183
    ],
    [
     0.00216339951853215,
     0.9964383208541268,
     0.0013982796273409866
    ]
   ],
   [
    [
     0.9857365864885144,
     0.0006476764300637301,
     0.01361573708142184
    ],
    [
     0.013223114974292242,
     0.0010138503951917348,
     0.9857630346305161
    ],
    [
     0.001040298537193332,
     0.9983384731747446,
     0.0006212282880621309
    ]
   ],
   [
    [
     0.9954275996736697,
     0.0002755704384705533,
     0.0042968298878599135
    ],
    [
     0.004195062105790021,
     0.00035892973092125014,
     0.9954460081632888
    ],
    [
     0.00037733822054044594,
     0.9993654998306082,
     0.000257161948851357
    ]
   ],
   [
    [
     0.9996369502766022,
     3.2871276196467455e-05,
     0.0003301784472013918
    ],
    [
     0.000328686602649496,
     2.5738076867788976e-05,
     0.9996455753204828
    ],
    [
     3.436312074836366e-05,
     0.9999413906469358,
     2.4246232315893087e-05
    ]
   ]
  ],