{
 "ag0a_grad_cs": 2.7925534281730577e-16,
 "ag0b_q2_rel_5_16": 1.6594219711492656e-16,
 "ag0b_q2_rel_8_16": 1.6594219711492656e-16,
 "ag0b_grad_rel_5_16": 4.0668110956901066e-16,
 "ag0c_j12_rel": 1.4843635327509737e-14,
 "t_q2avg_s": 0.104,
 "t_gradq2avg_s": 0.09,
 "pass": true
}