{
 "n_unknowns": 34232,
 "r0_norm": 0.42871638923345196,
 "converged": false,
 "wall_s": 738.3,
 "resid_hist_tail": [
  0.42871115293499756,
  0.42871115293495643,
  0.4287111529349756,
  0.4287111529348655,
  0.4287111529349902,
  0.4287111529349533,
  0.42871115293495476,
  0.4287111529349872,
  0.4287111529350172,
  0.42871115293494955,
  0.4287111529349401,
  0.4287164463199503,
  0.4287080400338215,
  0.4287086587124883,
  0.42870968285310934,
  0.42871036000930873,
  0.42871074166046413,
  0.42871094354769984,
  0.4287110472976692,
  0.4287164463199503
 ],
 "r_final_norm": 0.4287050982996182,
 "r_reduction": 0.9999736633958549,
 "V_max": 5.033996911196148,
 "V_rms": 0.11705681165726083,
 "KE_of_Vstar": -2.0524269266483343e-05
}