{
 "n": 64,
 "delta": 0.3,
 "bc": "free",
 "iters": 800,
 "ret_seed": 1.0,
 "ret_end": 0.9451022465422195,
 "ret_per_eig_end": [
  0.934964756000379,
  0.9608001502499897,
  0.9395418333762897
 ],
 "E_seed": 19.16860606572431,
 "E_end": 3.4505195076448154,
 "u_over_3v_end": 1.029156812884932,
 "core_end": {
  "core_lams": [
   0.13288424518259126,
   0.6686252901258924,
   0.7836786220549385
  ],
  "core_spread": 0.6507943768723473,
  "axis_lams": [
   0.2624505738334908,
   0.6856392707411887,
   0.7220085121890074
  ]
 },
 "stop": "max_iter",
 "wall_s": 275.5007531642914
}