{
 "n": 64,
 "delta": 0.3,
 "bc": "pinned",
 "iters": 800,
 "ret_seed": 1.0,
 "ret_end": 0.9294148479474993,
 "ret_per_eig_end": [
  0.9128120011465383,
  0.9332497615078134,
  0.942182781188146
 ],
 "E_seed": 19.16860606572431,
 "E_end": 5.1004356436054445,
 "u_over_3v_end": 1.1154117959850862,
 "core_end": {
  "core_lams": [
   0.23879424221497833,
   0.608140684065722,
   0.7862934744623491
  ],
  "core_spread": 0.5474992322473707,
  "axis_lams": [
   0.4993138046661937,
   0.5611209131687491,
   0.7140559629140952
  ]
 },
 "stop": "max_iter",
 "wall_s": 277.6176619529724
}