{
 "start": {
  "kin0": 0.12054881756255227,
  "J": 0.12054881756255227,
  "om_target": 0.5,
  "E_u0": 4.87720346508467,
  "E_v0": 1.9189264815853249,
  "spec_core0": [
   0.025792406253663233,
   0.28277246618294005,
   0.9934593523364461,
   8.000012397766113
  ],
  "twist0": {
   "b": 0.0005983906739905888,
   "d": 0.07889484063515058,
   "k_star": -0.003792330836675672
  }
 },
 "hist": [
  {
   "iter": 300,
   "kin": 0.12054881756255227,
   "omega_star": 0.5,
   "E_rot": 0.030137204390638068,
   "E_u": 4.878307405499883,
   "E_v": 1.9042970767851384,
   "fire_stop": "max_iter"
  },
  {
   "iter": 600,
   "kin": 0.12075691617365344,
   "omega_star": 0.49913835738069895,
   "E_rot": 0.030085269391178945,
   "E_u": 4.879481402773149,
   "E_v": 1.8889559592938103,
   "fire_stop": "max_iter"
  },
  {
   "iter": 900,
   "kin": 0.12097254153710597,
   "omega_star": 0.49824867705857145,
   "E_rot": 0.030031644435758377,
   "E_u": 4.880647384088472,
   "E_v": 1.8738950540327295,
   "fire_stop": "max_iter"
  },
  {
   "iter": 1200,
   "kin": 0.12118160858055449,
   "omega_star": 0.4973890798058619,
   "E_rot": 0.0299798327195613,
   "E_u": 4.8818102542360675,
   "E_v": 1.8590265047749464,
   "fire_stop": "max_iter"
  }
 ],
 "stop": "maxit",
 "final": {
  "kin_final": 0.12138567541021332,
  "omega_star_final": 0.49655289701674865,
  "E_u": 4.8818102542360675,
  "E_v": 1.8590265047749464,
  "spec_core": [
   0.02592270171074655,
   0.28275145930814727,
   0.9937224769260455,
   8.00001190491841
  ],
  "twist": {
   "b": 0.0013537104868042123,
   "d": 0.07937871548847163,
   "k_star": -0.008526911014331135
  },
  "rel_move_from_start": 0.00011802580844421969
 }
}