{
 "n": 32,
 "delta": 0.03,
 "bc": "free",
 "iters": 800,
 "ret_seed": 1.0,
 "ret_end": 0.6286598073993489,
 "ret_per_eig_end": [
  0.688355436064258,
  0.5315532177147665,
  0.666070768419022
 ],
 "E_seed": 20.74397197187705,
 "E_end": 0.5182780094476412,
 "u_over_3v_end": 0.052159915746651714,
 "core_end": {
  "core_lams": [
   0.011267677030234114,
   0.4250131529024196,
   0.8335916146575011
  ],
  "core_spread": 0.822323937627267,
  "axis_lams": [
   0.05589098392302216,
   0.4391163992736568,
   0.8376160561954867
  ]
 },
 "stop": "max_iter",
 "wall_s": 34.53598475456238
}