{
 "n": 32,
 "delta": 0.1,
 "bc": "pinned",
 "iters": 800,
 "ret_seed": 1.0,
 "ret_end": 0.7419460969869895,
 "ret_per_eig_end": [
  0.6572762189103399,
  0.6320590297765826,
  0.9365030422740461
 ],
 "E_seed": 18.36709218866364,
 "E_end": 6.61390918175077,
 "u_over_3v_end": 1.2479937550957552,
 "core_end": {
  "core_lams": [
   0.4236563434823051,
   0.5088230975941344,
   0.6833609258665875
  ],
  "core_spread": 0.2597045823842824,
  "axis_lams": [
   0.26205543395186437,
   0.3310252575319729,
   0.8586965426109439
  ]
 },
 "stop": "max_iter",
 "wall_s": 33.59685921669006
}