{
 "GF": {
  "ok": true,
  "detail": {
   "seed": 0.0,
   "random": 1.3113308853461308e-16
  }
 },
 "GA0": {
  "ok": true,
  "detail": {
   "melt_q05_R17": {
    "E_ref": 92.66723549692092,
    "E_now": 92.66723549692092,
    "rel": 0.0
   },
   "escape_q05_R18": {
    "E_ref": 98.25659492953237,
    "E_now": 98.25659492953237,
    "rel": 0.0
   }
  }
 },
 "GA1": {
  "ok": true,
  "detail": {
   "per_dt": {
    "0.04": {
     "drift_rel": 1.0112269279572055e-05,
     "wall_s": 18.073381185531616,
     "finite": true
    },
    "0.02": {
     "drift_rel": 2.5277087611816346e-06,
     "wall_s": 38.26225399971008,
     "finite": true
    },
    "0.01": {
     "drift_rel": 6.319048096401285e-07,
     "wall_s": 80.29670977592468,
     "finite": true
    }
   },
   "ratios": [
    4.000567405101229,
    4.000141671055125
   ]
  }
 },
 "GA2": {
  "ok": true,
  "detail": {
   "budget_drift_rel": 2.5277087611816346e-06,
   "E_abs_final": 1.4210854715202004e-14
  }
 },
 "GA3": {
  "ok": true,
  "detail": {
   "spread_growth_comm": 0.48933263574638186,
   "spread_growth_dir": 75.83806894483709,
   "detail": {
    "comm": {
     "t": [
      0.0,
      10.0,
      20.0,
      30.0,
      40.0,
      50.0,
      60.0
     ],
     "r2": [
      13.041852395682096,
      12.956412556374733,
      12.340921059464396,
      12.152797327922464,
      14.145684053203256,
      16.284253828668852,
      16.815602136454892
     ],
     "drift_rel": 1.5101457356835103e-07,
     "wall_s": 115.50322103500366
    },
    "dir": {
     "t": [
      0.0,
      10.0,
      20.0,
      30.0,
      40.0,
      50.0,
      60.0
     ],
     "r2": [
      13.041852395682096,
      6218.247226346629,
      5896.857729083971,
      5792.008324843989,
      5753.057579403861,
      5722.149177395634,
      6312.210249281961
     ],
     "drift_rel": 0.0001869572673452602,
     "wall_s": 458.204008102417
    }
   }
  }
 },
 "wall_s": 753.5
}