{
 "n": 64,
 "delta": 0.1,
 "bc": "free",
 "iters": 800,
 "ret_seed": 1.0,
 "ret_end": 0.9703507538317343,
 "ret_per_eig_end": [
  0.9586999548851333,
  0.967660027714784,
  0.9846922788952859
 ],
 "E_seed": 20.59726023788884,
 "E_end": 7.416960921919356,
 "u_over_3v_end": 0.7822465926673168,
 "core_end": {
  "core_lams": [
   0.23698820276067958,
   0.5722513096871158,
   0.7332538664735061
  ],
  "core_spread": 0.49626566371282654,
  "axis_lams": [
   0.3890626833816097,
   0.5849481243868181,
   0.6513778420638849
  ]
 },
 "stop": "max_iter",
 "wall_s": 297.04821705818176
}