{
 "tag": "p2_p1_s-1",
 "rows": {
  "clock_local": {
   "kin": 0.296955480141499,
   "twist": {
    "b": -5.617333549722722e-14,
    "d": 0.1706639410352897,
    "k_star": 1.6457294715118455e-13,
    "E_at_k": [
     4.8772717306610875,
     4.877220531478774,
     4.877203465084671,
     4.877220531478774,
     4.8772717306610875
    ],
    "dE_at_kstar": -4.622305687045468e-27
   }
  },
  "plane_1d": {
   "kin": 0.2717969309773032,
   "twist": {
    "b": -5.617333549722722e-14,
    "d": 0.20389844570946636,
    "k_star": 1.3774831706483007e-13,
    "E_at_k": [
     4.877285024462957,
     4.877223854929242,
     4.877203465084671,
     4.877223854929242,
     4.877285024462957
    ],
    "dE_at_kstar": -3.8688912143305645e-27
   }
  },
  "rot_z": {
   "kin": 0.26002298457160694,
   "twist": {
    "b": -5.617333549722722e-14,
    "d": 0.21166995982370274,
    "k_star": 1.3269085406359337e-13,
    "E_at_k": [
     4.877288133068602,
     4.877224632080654,
     4.877203465084671,
     4.877224632080654,
     4.877288133068602
    ],
    "dE_at_kstar": -3.7268439313639235e-27
   }
  },
  "rot_x": {
   "kin": 0.2737241740281626,
   "twist": {
    "b": -5.617333549722722e-14,
    "d": 0.14171463229868542,
    "k_star": 1.981917272269855e-13,
    "E_at_k": [
     4.877260150937593,
     4.8772176365479005,
     4.877203465084671,
     4.8772176365479005,
     4.877260150937593
    ],
    "dE_at_kstar": -5.5665451931482e-27
   }
  },
  "boost_z": {
   "kin": -0.08322694435796972,
   "twist": {
    "b": 0.0,
    "d": -0.02807609077609893,
    "k_star": 0.0,
    "E_at_k": [
     4.877192234648362,
     4.877200657475593,
     4.877203465084671,
     4.877200657475593,
     4.877192234648362
    ],
    "dE_at_kstar": 0.0
   }
  },
  "boost_x": {
   "kin": -0.07287919385046925,
   "twist": {
    "b": -5.617333549722722e-14,
    "d": -0.05538138504262131,
    "k_star": -5.071499697416057e-13,
    "E_at_k": [
     4.877181312530657,
     4.877197926946166,
     4.877203465084671,
     4.877197926946166,
     4.877181312530657
    ],
    "dE_at_kstar": 1.4244152698851927e-26
   }
  }
 },
 "min_kin": -0.08322694435796972,
 "argmin": "boost_z"
}