{
 "n": 32,
 "delta": 0.1,
 "bc": "free",
 "iters": 800,
 "ret_seed": 1.0,
 "ret_end": 0.7091356601524388,
 "ret_per_eig_end": [
  0.7638005775296032,
  0.6663291025489682,
  0.6972773003787452
 ],
 "E_seed": 18.36709218866364,
 "E_end": 0.41952431135782065,
 "u_over_3v_end": 0.04178498959888017,
 "core_end": {
  "core_lams": [
   -0.19711393591523288,
   0.6875807668616201,
   0.770571898669585
  ],
  "core_spread": 0.9676858345848178,
  "axis_lams": [
   -0.25964106668671033,
   0.45078589292935656,
   0.9356430855428245
  ]
 },
 "stop": "max_iter",
 "wall_s": 33.6195011138916
}