{
 "m": 0.1027,
 "s": -1.0,
 "E0": 0.9665065448032722,
 "E_end": NaN,
 "E_u_end": NaN,
 "E_v_end": NaN,
 "rel_move": 9.240455102881201e+139,
 "kin_end": 5.854984180960932e+284,
 "stop": "non-finite"
}