{
 "tag": "recipe",
 "U": 0.3438442096192527,
 "families": {
  "J23^K2": {
   "chi": [
    0.0,
    0.1,
    0.2,
    0.30000000000000004,
    0.4,
    0.5,
    0.6000000000000001,
    0.7000000000000001,
    0.8,
    0.9,
    1.0,
    1.1,
    1.2000000000000002,
    1.3,
    1.4000000000000001,
    1.5,
    1.6,
    1.7000000000000002,
    1.8,
    1.9000000000000001,
    2.0,
    2.1,
    2.2,
    2.3000000000000003,
    2.4000000000000004,
    2.5
   ],
   "Q2": [
    19046.030549149196,
    18934.23085549653,
    18594.344860276917,
    18012.7317450815,
    17166.04933341534,
    16020.31728719467,
    14529.553356466611,
    12633.927950263838,
    10257.362965043198,
    7304.478503262117,
    3656.7649431887567,
    -832.1732683335968,
    -6342.492983464552,
    -13095.342680417085,
    -21361.737928393253,
    -31473.438193976945,
    -43836.2615134137,
    -58946.371395329246,
    -77410.18960447941,
    -99968.73399646013,
    -127527.35816614339,
    -161192.08646635254,
    -202314.0026486514,
    -252543.47359827877,
    -313896.3843520755,
    -388835.04264327616
   ],
   "root_omega": [
    null,
    null,
    null,
    null,
    null,
    null,
    null,
    null,
    null,
    null,
    null,
    0.020327032292104204,
    0.007362933191341794,
    0.005124156953839312,
    0.004012015167612473,
    0.0033052838637627744,
    0.002800683952875593,
    0.0024151956596570588,
    0.0021075689515981876,
    0.0018545936201374508,
    0.0016420227732903533,
    0.0014605250131898735,
    0.0013036706445150846,
    0.0011668439607148225,
    0.0010466167983557764,
    0.000940368685968375
   ],
   "first_crossing_chi": 1.1,
   "deepest": {
    "chi": 2.5,
    "Q2": -388835.04264327616,
    "root_omega": 0.000940368685968375
   }
  },
  "J23^K3": {
   "chi": [
    0.0,
    0.1,
    0.2,
    0.30000000000000004,
    0.4,
    0.5,
    0.6000000000000001,
    0.7000000000000001,
    0.8,
    0.9,
    1.0,
    1.1,
    1.2000000000000002,
    1.3,
    1.4000000000000001,
    1.5,
    1.6,
    1.7000000000000002,
    1.8,
    1.9000000000000001,
    2.0,
    2.1,
    2.2,
    2.3000000000000003,
    2.4000000000000004,
    2.5
   ],
   "Q2": [
    19046.030549149196,
    620.05316686005,
    -55397.378150353405,
    -151254.43961179294,
    -290798.21167087764,
    -479629.07587175444,
    -725325.4778249394,
    -1037748.0768393939,
    -1429435.4888037182,
    -1916107.5048678247,
    -2517295.981857713,
    -3257128.7242709077,
    -4165297.817789401,
    -5278251.276934061,
    -6640655.831864999,
    -8307189.561098458,
    -10344736.314785393,
    -12835069.998463131,
    -15878136.447012331,
    -19596064.601944257,
    -24138067.974647544,
    -29686433.108524512,
    -36463835.37802865,
    -44742275.73330894,
    -54853997.05339803,
    -67204818.2195334
   ],
   "root_omega": [
    null,
    null,
    0.0024913586505920047,
    0.0015077411644567958,
    0.0010873891414771334,
    0.0008466971660478328,
    0.0006885165615025603,
    0.0005756186929099456,
    0.0004904543349797733,
    0.00042361460181133373,
    0.0003695844721137548,
    0.00032491023801289957,
    0.0002873146878491032,
    0.0002552324132889305,
    0.00022754923058257797,
    0.00020344817443382752,
    0.00018231447242941207,
    0.00016367476906137466,
    0.00014715705664978892,
    0.00013246356111483673,
    0.00011935197352317797,
    0.00010762219562571881,
    9.710680919743663e-05,
    8.766410890761077e-05,
    7.917293013145007e-05,
    7.152875273748027e-05
   ],
   "first_crossing_chi": 0.2,
   "deepest": {
    "chi": 2.5,
    "Q2": -67204818.2195334,
    "root_omega": 7.152875273748027e-05
   }
  },
  "J13^K1": {
   "chi": [
    0.0,
    0.1,
    0.2,
    0.30000000000000004,
    0.4,
    0.5,
    0.6000000000000001,
    0.7000000000000001,
    0.8,
    0.9,
    1.0,
    1.1,
    1.2000000000000002,
    1.3,
    1.4000000000000001,
    1.5,
    1.6,
    1.7000000000000002,
    1.8,
    1.9000000000000001,
    2.0,
    2.1,
    2.2,
    2.3000000000000003,
    2.4000000000000004,
    2.5
   ],
   "Q2": [
    3187.145782058103,
    2916.227905899288,
    2092.6013917954106,
    683.21121578664,
    -1368.5063985948132,
    -4144.894083283239,
    -7757.378024623542,
    -12350.939887473152,
    -18109.9354384779,
    -25265.49339030449,
    -34104.791408427765,
    -44982.5815591955,
    -58335.42775586976,
    -74699.22660134615,
    -94730.71480048823,
    -119233.82631005345,
    -149191.95703118065,
    -185807.43193983982,
    -230549.75860976827,
    -285214.60371119436,
    -351995.85941932845,
    -433573.6920106339,
    -533222.1063461929,
    -654940.3431826112,
    -803613.3827458456,
    -985207.9961400266
   ],
   "root_omega": [
    null,
    null,
    null,
    null,
    0.015851028302249576,
    0.009108023425816129,
    0.00665768709399792,
    0.005276316679354508,
    0.004357349607908325,
    0.0036890705922500854,
    0.0031752151550682953,
    0.0027647678430044067,
    0.0024278098226784657,
    0.002145471772046555,
    0.0019051775286505895,
    0.0016981698151621843,
    0.001518127167285475,
    0.0013603457906509152,
    0.0012212329730824127,
    0.0010979813875296568,
    0.0009883529893539365,
    0.0008905317261442764,
    0.0008030207813630642,
    0.0007245693951525746,
    0.0006541197729291868,
    0.0005907679056483655
   ],
   "first_crossing_chi": 0.4,
   "deepest": {
    "chi": 2.5,
    "Q2": -985207.9961400266,
    "root_omega": 0.0005907679056483655
   }
  },
  "J13^K3": {
   "chi": [
    0.0,
    0.1,
    0.2,
    0.30000000000000004,
    0.4,
    0.5,
    0.6000000000000001,
    0.7000000000000001,
    0.8,
    0.9,
    1.0,
    1.1,
    1.2000000000000002,
    1.3,
    1.4000000000000001,
    1.5,
    1.6,
    1.7000000000000002,
    1.8,
    1.9000000000000001,
    2.0,
    2.1,
    2.2,
    2.3000000000000003,
    2.4000000000000004,
    2.5
   ],
   "Q2": [
    3187.145782058103,
    -21090.93261483656,
    -94899.53233770304,
    -221200.8516529912,
    -405063.8059788348,
    -653867.4612589495,
    -977597.1817886127,
    -1389245.3779448266,
    -1905332.9372341912,
    -2546572.2655173168,
    -3338698.5485821944,
    -4313502.5955122495,
    -5510106.715479942,
    -6976534.833381623,
    -8771639.858567016,
    -10967465.658738092,
    -13652138.433323035,
    -16933403.527291384,
    -20942949.6301673,
    -25841693.905530415,
    -31826240.161808893,
    -39136769.2534346,
    -48066678.381862685,
    -58974356.155455075,
    -72297565.98271988,
    -88571015.05498877
   ],
   "root_omega": [
    null,
    0.0040376899374619,
    0.0019034822065864948,
    0.0012467732054131798,
    0.0009213383274249955,
    0.00072516359721099,
    0.0005930630778352667,
    0.0004974980436861161,
    0.0004248106735305567,
    0.0003674538948991804,
    0.00032091665250901446,
    0.000282335719277545,
    0.00024980484227006696,
    0.00022200408924651397,
    0.0001979887261469247,
    0.00017706295830123472,
    0.00015870131154615042,
    0.000142497986783016,
    0.0001281332770407265,
    0.0001153507356548194,
    0.00010394131088668724,
    9.373210529454697e-05,
    8.457827081178423e-05,
    7.635706970522923e-05,
    6.896345632646197e-05,
    6.230674256227363e-05
   ],
   "first_crossing_chi": 0.1,
   "deepest": {
    "chi": 2.5,
    "Q2": -88571015.05498877,
    "root_omega": 6.230674256227363e-05
   }
  },
  "J12^K1": {
   "chi": [
    0.0,
    0.1,
    0.2,
    0.30000000000000004,
    0.4,
    0.5,
    0.6000000000000001,
    0.7000000000000001,
    0.8,
    0.9,
    1.0,
    1.1,
    1.2000000000000002,
    1.3,
    1.4000000000000001,
    1.5,
    1.6,
    1.7000000000000002,
    1.8,
    1.9000000000000001,
    2.0,
    2.1,
    2.2,
    2.3000000000000003,
    2.4000000000000004,
    2.5
   ],