{
 "n": 64,
 "delta": 0.03,
 "bc": "pinned",
 "iters": 800,
 "ret_seed": 1.0,
 "ret_end": 0.9742014474747046,
 "ret_per_eig_end": [
  0.9614198910554678,
  0.9625441726697651,
  0.9986402786988806
 ],
 "E_seed": 23.192127866745984,
 "E_end": 8.898908674654301,
 "u_over_3v_end": 0.737383557036208,
 "core_end": {
  "core_lams": [
   0.37900357362153814,
   0.5364491506932596,
   0.6695529365217707
  ],
  "core_spread": 0.2905493629002326,
  "axis_lams": [
   0.3432512883238332,
   0.44314333648581816,
   0.7497974895015954
  ]
 },
 "stop": "max_iter",
 "wall_s": 273.29832100868225
}