{
 "kin_clock_local_sym": 0.2946299579866355,
 "kin_clock_local_fwd": 0.2946571590847674,
 "kin_clock_local_bwd": 0.29460275688850346,
 "kin_clock_local_2h": 0.2635215949875818,
 "kin_boost_z_sym": -0.08344602895705688,
 "kin_boost_z_fwd": -0.08344594955407386,
 "kin_boost_z_bwd": -0.0834461083600399,
 "kin_boost_z_2h": -0.07646222895870552,
 "kin24_clock_local": 0.7184008061293554,
 "kin24_plane_1d": 0.6721115941585996,
 "kin24_rot_z": 0.631778530293526,
 "kin24_boost_z": -0.22080849570135394,
 "kin24_boost_x": -0.17921733940496282,
 "n24_E": 6.750355373870713,
 "n24_stop": "max_iter",
 "kinconj_p1_s+1_clock_local": 0.11913436133768676,
 "kinconj_p1_s+1_plane_1d": 0.12537972510640377,
 "kinconj_p1_s+1_rot_z": 0.12053262184554421,
 "kinconj_p1_s+1_rot_x": 0.1003187597332261,
 "kinconj_p1_s+1_boost_z": -0.08275741732481601,
 "kinconj_p1_s+1_boost_x": -0.07271246369453406,
 "kinconj_p1_s-1_clock_local": 0.1205488175625523,
 "kinconj_p1_s-1_plane_1d": 0.12553101972538752,
 "kinconj_p1_s-1_rot_z": 0.12113021239392811,
 "kinconj_p1_s-1_rot_x": 0.10092383107384388,
 "kinconj_p1_s-1_boost_z": -0.08394277219648696,
 "kinconj_p1_s-1_boost_x": -0.07051019545295187
}