{
 "task": "M5.20.2",
 "role": "independent adversarial audit",
 "wscale": 0.0007240238793069094,
 "C1": {
  "quartic_scaling_rel": 3.007051056992666e-15,
  "T_on_gradient_free_maxabs": 0.0,
  "eta_null_shift_rel": 2.165229653179022e-15,
  "T_quadratic_in_Mdot_rel": 0.0,
  "K_scales_as_grad_sq_rel": 0.0,
  "own_kin_census": [
   {
    "cell": [
     17,
     128
    ],
    "eigs": [
     -0.05069228951162738,
     -0.047403990783494054,
     -0.0032882987281333638,
     -2.1487860115139126e-17,
     0.0,
     0.009502587160556207,
     0.04740399078349401,
     0.05069228951162742,
     0.09490833696236797,
     0.10164653265171886
    ],
    "rank": 8,
    "n_negative": 3
   },
   {
    "cell": [
     80,
     128
    ],
    "eigs": [
     -2.7776706145596233e-05,
     -2.7776706145596233e-05,
     0.0,
     0.0,
     0.0,
     0.0,
     0.0,
     2.7776706145596233e-05,
     2.7776706145596233e-05,
     0.00011110682458238493
    ],
    "rank": 5,
    "n_negative": 2
   }
  ],
  "census_vs_theirs": [
   {
    "cell": [
     17,
     128
    ],
    "rank_match": true,
    "neg_match": true,
    "eig_maxreldiff": 2.7305973840475674e-16
   },
   {
    "cell": [
     80,
     128
    ],
    "rank_match": true,
    "neg_match": true,
    "eig_maxreldiff": 6.098872507160756e-17
   }
  ],
  "verdict": "CONFIRMED"
 },
 "C2": {
  "offdiag_gradient_overlap_maxabs": 0.0,
  "FD_vs_analytic_maxabsdiff": 7.619864845764823e-07,
  "FD_vs_analytic_rel": 1.243591471314898e-10,
  "n_zero_analytic": 6,
  "omegas": [
   0.009265227769572174,
   0.04658653575841244,
   0.1348723224620523,
   78.27727653398227
  ],
  "omega_vs_claimed_rel": [
   0.003738949508368281,
   0.00028893222290901735,
   0.00020517077796656876,
   3.479133901031049e-05
  ],
  "offdiag_straightline_scaling_v(1e-2)/v(1e-3)": [
   9999.993289764967,
   9999.992582052477,
   9999.992306572982,
   10000.219269317187,
   10000.27191011004,
   10000.14594852196
  ],
  "V_on_finite_orbit_maxabs": 5.428104947590786e-27,
  "verdict": "CONFIRMED"
 },
 "C6": {
  "u_eta_vs_plain_rel": 9.033992626387705e-17,
  "v4_p3_vs_3target_rel": 4.31766246482428e-13,
  "blockdiag_trace_identity_maxabs": 0.0,
  "verdict": "CONFIRMED"
 },
 "C5": {
  "M00_min_max": [
   -8.0,
   -8.0
  ],
  "M0i_maxabs": 0.0,
  "plaquette_seed": {
   "n_defects": 2,
   "total_abs_q": 1.000000000000004,
   "defects": [
    {
     "rho": 16.5,
     "z": -0.5,
     "q": 0.49999999999999994
    },
    {
     "rho": 25.5,
     "z": -0.5,
     "q": -0.49999999999999994
    }
   ]
  },
  "plaquette_endpoint": {
   "n_defects": 0,
   "total_abs_q": 8.223147431441619e-13,
   "defects": []
  },
  "ledger_maxdev_rel": 3.023424655636192e-06,
  "PE_endpoint_own": 9.681629676380757,
  "PE_endpoint_ledger": 9.681629505821217,
  "PE_recompute_rel": 1.761682160243482e-08,
  "E0_own_vs_ledger_rel": 0.0,
  "seed_core_defect_found": true,
  "verdict": "CONFIRMED"
 },
 "C4": {
  "keff_max_reldiff": 0.0,
  "sign_census_rot_ge0_boost_le0": true,
  "vac4_J12_zero": 0.0,
  "vac4_B03_zero": 0.0,
  "loopseed_B01_negfrac": 1.0,
  "parabola_max_rel": 4.689160450795887e-14,
  "static_invariance_max_rel": 1.0758794674665824e-12,
  "parabola_rows": [
   {
    "state": "loop_seed_d0p3_pair_1d",
    "gen": "rot_J12",
    "omega": 0.05,
    "phase": 0.3,
    "H_direct": 28.411645187445032,
    "H_parabola": 28.411645187446364,
    "rel": 4.689160450795887e-14,
    "E_static_invariance_rel": 5.873287415450326e-14
   },
   {
    "state": "loop_seed_d0p3_pair_1d",
    "gen": "rot_J12",
    "omega": 0.05,
    "phase": 0.9,
    "H_direct": 28.411645187445963,
    "H_parabola": 28.411645187446364,
    "rel": 1.4130003491731606e-14,
    "E_static_invariance_rel": 1.758845429225766e-14
   },
   {
    "state": "loop_seed_d0p3_pair_1d",
    "gen": "rot_J12",
    "omega": 0.12,
    "phase": 0.3,
    "H_direct": 55.96550681632524,
    "H_parabola": 55.965506816326574,
    "rel": 2.3868636580260456e-14,
    "E_static_invariance_rel": 5.873287415450326e-14
   },
   {
    "state": "loop_seed_d0p3_pair_1d",
    "gen": "rot_J12",
    "omega": 0.12,
    "phase": 0.9,
    "H_direct": 55.96550681632617,
    "H_parabola": 55.965506816326574,
    "rel": 7.236767473802372e-15,
    "E_static_invariance_rel": 1.758845429225766e-14
   },
   {
    "state": "loop_seed_d0p3_pair_1d",
    "gen": "boost_B03",
    "omega": 0.05,
    "phase": 0.3,
    "H_direct": -754.0272431854245,
    "H_parabola": -754.0272431854308,
    "rel": 8.443279695724274e-15,
    "E_static_invariance_rel": 2.5990082012220025e-13
   },
   {
    "state": "loop_seed_d0p3_pair_1d",
    "gen": "boost_B03",
    "omega": 0.05,
    "phase": 0.9,
    "H_direct": -754.0272431854096,
    "H_parabola": -754.0272431854308,
    "rel": 2.81945232696507e-14,
    "E_static_invariance_rel": 1.0758794674665824e-12
   },
   {
    "state": "loop_seed_d0p3_pair_1d",
    "gen": "boost_B03",
    "omega": 0.12,
    "phase": 0.3,
    "H_direct": -4450.882490211437,
    "H_parabola": -4450.882490211446,
    "rel": 2.043403086406178e-15,
    "E_static_invariance_rel": 2.5990082012220025e-13
   },
   {
    "state": "loop_seed_d0p3_pair_1d",
    "gen": "boost_B03",
    "omega": 0.12,
    "phase": 0.9,
    "H_direct": -4450.882490211438,
    "H_parabola": -4450.882490211446,
    "rel": 1.6347224691249423e-15,
    "E_static_invariance_rel": 1.0758794674665824e-12
   },
   {
    "state": "vac4_background",
    "gen": "rot_J12",
    "omega": 0.05,
    "phase": 0.3,
    "H_direct": 2.940407674482791e-26,
    "H_parabola": 0.0,
    "rel": 2.940407674482791e-26,
    "E_static_invariance_rel": 2.940385999564286e-26
   },
   {
    "state": "vac4_background",
    "gen": "rot_J12",
    "omega": 0.05,
    "phase": 0.9,
    "H_direct": 1.204676144635077e-22,
    "H_parabola": 0.0,
    "rel": 1.204676144635077e-22,
    "E_static_invariance_rel": 1.204676144021488e-22
   },
   {
    "state": "vac4_background",
    "gen": "rot_J12",
    "omega": 0.12,
    "phase": 0.3,
    "H_direct": 2.940510847094873e-26,
    "H_parabola": 0.0,
    "rel": 2.940510847094873e-26,
    "E_static_invariance_rel": 2.940385999564286e-26
   },
   {
    "state": "vac4_background",
    "gen": "rot_J12",
    "omega": 0.12,
    "phase": 0.9,
    "H_direct": 1.20467614755576e-22,
    "H_parabola": 0.0,
    "rel": 1.20467614755576e-22,
    "E_static_invariance_rel": 1.204676144021488e-22
   },
   {
    "state": "vac4_background",
    "gen": "boost_B03",
    "omega": 0.05,
    "phase": 0.3,
    "H_direct": 0.0,
    "H_parabola": 0.0,
    "rel": 0.0,
    "E_static_invariance_rel": 0.0
   },
   {
    "state": "vac4_background",
    "gen": "boost_B03",
    "omega": 0.05,
    "phase": 0.9,
    "H_direct": 3.796212396288667e-19,
    "H_parabola": 0.0,
    "rel": 3.796212396288667e-19,
    "E_static_invariance_rel": 3.796212396288667e-19
   },
   {
    "state": "vac4_background",
    "gen": "boost_B03",
    "omega": 0.12,
    "phase": 0.3,
    "H_direct": 0.0,
    "H_parabola": 0.0,
    "rel": 0.0,
    "E_static_invariance_rel": 0.0
   },
   {
    "state": "vac4_background",
    "gen": "boost_B03",
    "omega": 0.12,
    "phase": 0.9,
    "H_direct": 3.796212396288667e-19,
    "H_parabola": 0.0,
    "rel": 3.796212396288667e-19,
    "E_static_invariance_rel": 3.796212396288667e-19
   }
  ],
  "velocity_formula_maxabsdiff": 5.1310067306076235e-12,
  "alt_branch_extremes": {
   "max_rot": 329811189.6132215,
   "min_boost": -252511692.04762274
  },
  "verdict": "CONFIRMED"
 },
 "C3": {
  "vac4_clock_dt0.02": {
   "t_maxabs_gt1": 21.12,
   "t_nonfinite_or_abort": 21.36,
   "t_last": 21.36,
   "maxabs_last": NaN,
   "wall_s": 82.6
  },
  "vac4_clock_dt0.005": {
   "t_maxabs_gt1": 21.0,
   "t_nonfinite_or_abort": 21.25,
   "t_last": 21.25,
   "maxabs_last": NaN,
   "wall_s": 315.6
  },
  "Jcommuting_uniform_control_dt0.01": {
   "background": "diag(-8, 0.7, 0.7, 0.2)",
   "t_maxabs_gt1": null,
   "t_nonfinite_or_abort": null,
   "t_last": 60.0,
   "maxabs_max": 0.019505754364283423,