{
 "task": "M5.21.1",
 "phase": "P2+P3",
 "delta": 0.3,
 "grid_p2": [
  64,
  128,
  1.0
 ],
 "nphi": 5,
 "wscale": 0.0007240238793069094,
 "C0": {
  "sp": {
   "E": 12.123978431413711,
   "q": 0.9641182916608623,
   "core": {
    "core_lams": [
     0.5583850760279204,
     0.43625895919846913,
     0.3354951668455508
    ],
    "core_spread": 0.22288990918236962,
    "core_mean": 0.4433797340239802
   },
   "fire_tail": {
    "it": 6000,
    "E": 12.123978431413711,
    "fmax": 0.014349951110558742,
    "dt": 0.006491988844679689
   },
   "descent_ok": true
  },
  "sm": {
   "E": 12.305519348888957,
   "q": 0.9643766586114234,
   "core": {
    "core_lams": [
     0.5613395354768034,
     0.4383692797307535,
     0.33604899596071575
    ],
    "core_spread": 0.22529053951608763,
    "core_mean": 0.44525260372275755
   },
   "fire_tail": {
    "it": 6000,
    "E": 12.305519348888957,
    "fmax": 0.013926715725609924,
    "dt": 0.006491988844679689
   },
   "descent_ok": true
  },
  "GC1": {
   "gc1_grad_cs": 6.852607680918586e-16,
   "gc1_nphi_5_16": 4.3983074933598437e-16,
   "gc1_j12_rel": 1.4964334336183074e-14,
   "ok": true
  }
 },
 "C2": {
  "omegas": {
   "0.05": {
    "omega": 0.05,
    "U_start": 12.123978431413711,
    "U": 11.701853287809904,
    "Q2_avg": 4641.064926647421,
    "T_rot": 11.602662316618556,
    "E_tot": 23.30451560442846,
    "J": 464.1064926647421,
    "q": 0.9496540457158112,
    "core": {
     "core_lams": [
      0.5763005502098015,
      0.4587404202597244,
      0.30698271243361575
     ],
     "core_spread": 0.2693178377761858,
     "core_mean": 0.4473412276343806
    },
    "rel_residual_gradR": 0.8611408327052553,
    "fire_tail": {
     "it": 2500,
     "E": 0.0991909711913479,
     "fmax": 0.024896166985130447,
     "dt": 0.014701200750112449
    },
    "runaway": false
   },
   "0.1349": {
    "omega": 0.1349,
    "U_start": 12.123978431413711,
    "U": 103408300.69902453,
    "Q2_avg": 50288008383.31735,
    "T_rot": 915141679.4396929,
    "E_tot": 1018549980.1387174,
    "J": 13567704661.819021,
    "q": 2.9991708696208117,
    "core": {
     "core_lams": [
      0.5751687784672126,
      0.45385579328167813,
      0.31029226266634535
     ],
     "core_spread": 0.26487651580086724,
     "core_mean": 0.4464389448050787
    },
    "rel_residual_gradR": 0.08572385632537242,
    "fire_tail": {
     "it": 2500,
     "E": -811733378.7406683,
     "fmax": 1634.8977688482519,
     "dt": 0.003871285633332591
    },
    "runaway": false
   },
   "0.25": {
    "omega": 0.25,
    "U_start": 12.123978431413711,
    "U": 15318059090.987747,
    "Q2_avg": 1012875800922.22,
    "T_rot": 63304737557.63875,
    "E_tot": 78622796648.6265,
    "J": 506437900461.11,
    "q": 0.9999998855436563,
    "core": {
     "core_lams": [
      7.168069397295959,
      4.4761539938701365,
      -7.588489616313199
     ],
     "core_spread": 14.756559013609158,
     "core_mean": 1.351911258284299
    },
    "rel_residual_gradR": 1.6049515934102087e-05,
    "fire_tail": {
     "it": 2500,
     "E": -47986678466.651,
     "fmax": 5.8489415444064905,
     "dt": 0.0018852732262456741
    },
    "runaway": false
   }
  },
  "note": "R(M; Omega) = U - Omega^2 Q2_avg on the PURE rotation J23 class (boost quarantined); FIRE descent from the c0 sign-+ state",
  "sign_minus_spot": {
   "omega": 0.1349,
   "U": 82949508.54096246,
   "Q2_avg": 41009650606.59429,
   "J": 11064403733.65914,
   "q": -0.9993531736115436,
   "fire_tail": {
    "it": 2500,
    "E": -663344523.2943465,
    "fmax": 820.9969542513456,
    "dt": 0.002342127808166218
   }
  }
 },
 "C1": {
  "states": {
   "sp": {
    "U": 12.123978431413711,
    "rows": {
     "J12_pure": {
      "cos_align": 0.4391157924874947,
      "norm_gkin": 223.7383585623938,
      "norm_gstat": 2.9343203567337968,
      "omega2_optimal": 0.005758987493867861,
      "best_rel_residual_any_omega": 0.8984304763241725,
      "sectors_gkin": {
       "time_row": 0.0,
       "spatial_block": 223.7383585623938
      },
      "sectors_gstat": {
       "time_row": 0.27560164542534915,
       "spatial_block": 2.9213489502250836
      },
      "Q2_avg": 2248.7671826625483,
      "root_omega": null
     },
     "J23_pure": {
      "cos_align": 0.23792706917589024,
      "norm_gkin": 694.2019937130544,
      "norm_gstat": 2.9343203567337968,
      "omega2_optimal": 0.0010056932259249664,
      "best_rel_residual_any_omega": 0.9712830224776767,
      "sectors_gkin": {
       "time_row": 0.0,
       "spatial_block": 694.2019937130544
      },
      "sectors_gstat": {
       "time_row": 0.27560164542534915,
       "spatial_block": 2.9213489502250836
      },
      "Q2_avg": 4169.849594101368,
      "root_omega": null
     },
     "J23^K2_chi0.5": {
      "cos_align": -0.3327742586882868,
      "norm_gkin": 10002.085114526639,
      "norm_gstat": 2.9343203567337968,
      "omega2_optimal": -9.762627195082124e-05,
      "best_rel_residual_any_omega": 0.943006517874856,
      "sectors_gkin": {
       "time_row": 6152.817933120711,
       "spatial_block": 7885.71734974717
      },
      "sectors_gstat": {
       "time_row": 0.27560164542534915,
       "spatial_block": 2.9213489502250836
      },
      "Q2_avg": -132341.04482541047,
      "root_omega": 0.009571396291574386
     },
     "J23^K3_chi0.3": {
      "cos_align": -0.17694913463778106,
      "norm_gkin": 4889.444643065422,
      "norm_gstat": 2.9343203567337968,
      "omega2_optimal": -0.00010619313353112095,
      "best_rel_residual_any_omega": 0.984219997638201,
      "sectors_gkin": {
       "time_row": 1138.0787543908757,
       "spatial_block": 4755.149384236552
      },
      "sectors_gstat": {
       "time_row": 0.27560164542534915,
       "spatial_block": 2.9213489502250836
      },
      "Q2_avg": -36244.51189109772,
      "root_omega": 0.018289483869334225
     },
     "J12^K1_chi0.3": {
      "cos_align": -0.17032818640416583,
      "norm_gkin": 5508.8432871313,
      "norm_gstat": 2.9343203567337968,
      "omega2_optimal": -9.07263900316103e-05,
      "best_rel_residual_any_omega": 0.9853873902766707,
      "sectors_gkin": {
       "time_row": 1028.74148233218,
       "spatial_block": 5411.935450899297
      },
      "sectors_gstat": {
       "time_row": 0.27560164542534915,
       "spatial_block": 2.9213489502250836
      },
      "Q2_avg": -38343.74128688598,
      "root_omega": 0.017781784173216006
     }
    },
    "chi_scans": {
     "J23^K2": {
      "chi": [
       0.0,
       0.19999999999999998,
       0.39999999999999997,
       0.6,
       0.7999999999999999,
       0.9999999999999999,
       1.2,
       1.4,
       1.5999999999999999,
       1.7999999999999998,
       1.9999999999999998,
       2.1999999999999997,
       2.4
      ],
      "Q2_avg": [
       4169.849594101368,
       -16208.822159023824,
       -80649.13192628579,
       -199599.7372173579,
       -392347.8534373742,
       -690146.574485036,
       -1141282.397651929,
       -1818904.6253489212,
       -2832886.1399957156,
       -4347638.714377843,
       -6608771.5164024215,
       -9982915.344673326,
       -15017169.885354463
      ],
      "chi_crossing": 0.04092366415845425
     },
     "J23^K3": {
      "chi": [
       0.0,
       0.19999999999999998,
       0.39999999999999997,
       0.6,
       0.7999999999999999,
       0.9999999999999999,
       1.2,
       1.4,
       1.5999999999999999,
       1.7999999999999998,
       1.9999999999999998,
       2.1999999999999997,
       2.4
      ],
      "Q2_avg": [
       4169.849594101368,
       -13496.471740941673,
       -69359.9368906553,
       -172478.5130926438,
       -339572.33545350644,
       -597734.7889699399,
       -988825.5584943697,
       -1576257.9566057394,
       -2455281.0589233283,
       -3768423.8410585052,
       -5728605.5028317515,
       -8653659.1973516,
       -13017867.00615707
      ],
      "chi_crossing": 0.047206767215651445
     },