{
 "n": 32,
 "delta": 0.03,
 "bc": "pinned",
 "iters": 800,
 "ret_seed": 1.0,
 "ret_end": 0.6300564038698667,
 "ret_per_eig_end": [
  0.47542634992746124,
  0.4571548451933811,
  0.9575880164887579
 ],
 "E_seed": 20.74397197187705,
 "E_end": 7.5317666303756825,
 "u_over_3v_end": 1.1794862443764442,
 "core_end": {
  "core_lams": [
   0.43569014412444595,
   0.5026905984257407,
   0.6591841437212825
  ],
  "core_spread": 0.22349399959683658,
  "axis_lams": [
   0.16943991663829366,
   0.18702521233220004,
   0.9224324556454425
  ]
 },
 "stop": "max_iter",
 "wall_s": 34.34063506126404
}