{
 "GK_sym_max": 0.0,
 "GK_shell_leak": 0.0,
 "GL1_ladder": {
  "0.05": 0.00971677985798654,
  "0.025": 0.0024220317421792116,
  "0.0125": 0.0006059737893490612
 },
 "GL1_dt": 0.025,
 "GL1_drift": 0.0024220317421792116,
 "GL2_E0": 1469.1049502142155,
 "GL2_E_end_sponge": 1466.817413255499,
 "GL2_E_end_conservative": 1466.8266381810208,
 "GL2_step_rise_max": 0.21346412629054612,
 "GL2_noise_floor": 0.2134657443134529,
 "GL2_pass": true,
 "PASS": true
}