{
 "raw_rc1e-2": 41.048932972754955,
 "recipe_rc1e-2": 80.84645879546284,
 "recipe_rc1e-1": 6.3117420603780765,
 "remnant_rc1e-2": 44.437764099213254
}