{
 "state_file": "m5_20_5_a_a3_wp0_state.npz",
 "wp": {
  "fam": "J23^K2",
  "chi": 0.704541015625,
  "note": "moderate w* ~ 0.1 (near-crossing, off-edge)",
  "Q2_avg": -24.28046840011448,
  "omega": 0.11900147030942104
 },
 "omega": 0.11900147030942104,
 "clock_vs_ladder": {
  "omega_star": 0.11900147030942104,
  "w_ladder_at_ring": 1.176530675171822,
  "ratio": 0.10114608383843618
 },
 "energy_split": {
  "U": 0.443315542305422,
  "T_rot": 0.01963413069001599,
  "H": 0.462949672995438,
  "zero_energy_rel": 1.0442892901699554
 },
 "containment": {
  "state": {
   "rho": [
    0.5,
    1.5,
    2.5,
    3.5,
    4.5,
    5.5,
    6.5,
    7.5,
    8.5,
    9.5,
    10.5,
    11.5,
    12.5,
    13.5,
    14.5,
    15.5,
    16.5,
    17.5,
    18.5,
    19.5,
    20.5,
    21.5,
    22.5,
    23.5,
    24.5,
    25.5,
    26.5,
    27.5,
    28.5,
    29.5,
    30.5,
    31.5,
    32.5,
    33.5,
    34.5,
    35.5,
    36.5,
    37.5,
    38.5,
    39.5,
    40.5,
    41.5,
    42.5,
    43.5,
    44.5,
    45.5,
    46.5,
    47.5,
    48.5,
    49.5,
    50.5,
    51.5,
    52.5,
    53.5,
    54.5,
    55.5,
    56.5,
    57.5,
    58.5,
    59.5,
    60.5,
    61.5,
    62.5
   ],
   "profile": [
    0.004311714262324352,
    0.0017677496090444268,
    0.0015630414484456563,
    0.0017445400853832221,
    0.0021150532417679928,
    0.0026475350494122563,
    0.003297339986630738,
    0.004154745767611498,
    0.005162767036692425,
    0.0062685770240918995,
    0.0073802963136761265,
    0.008135557503895366,
    0.008800725295239488,
    0.009886282579456028,
    0.010819936136998599,
    0.012002307770024322,
    0.013469935944914184,
    0.015027596619002423,
    0.01683582254599089,
    0.01937426305056418,
    0.024488194859040517,
    0.028509856919892357,
    0.03409427046694007,
    0.04042025868323359,
    0.046748542338115505,
    0.036828157014588754,
    0.023386355472148124,
    0.02471135821143319,
    0.014721312011361759,
    0.008291350330881835,
    0.004070138548850893,
    0.0015589825327510323,
    0.0005355864267987446,
    0.00014461925692731243,
    3.3750948963187314e-05,
    6.030058384918469e-06,
    8.741924795618242e-07,
    1.0432940614403778e-07,
    8.95785018305359e-09,
    7.636573488217962e-10,
    3.87769305596384e-11,
    2.708811983552756e-12,
    2.6207869304579276e-13,
    1.793687463201885e-13,
    1.64152196573931e-13,
    1.5355898373545989e-13,
    1.438677521124603e-13,
    1.349726201821266e-13,
    1.2679212453458724e-13,
    1.1925729230923125e-13,
    1.1231435375549314e-13,
    1.0589918866300431e-13,
    9.996553600625257e-14,
    9.44605250670621e-14,
    8.935374693203198e-14,
    8.460229372000535e-14,
    8.018630658247743e-14,
    7.60771769219855e-14,
    7.356228262379525e-14,
    7.098776799217823e-14,
    6.205412670119166e-14,
    6.366604874526141e-14,
    2.6667679491543183e-09
   ],
   "E_total": 0.443315542305422,
   "gate_rel": 0.0,
   "r50": 22.5,
   "r90": 27.5
  },
  "baseline": {
   "rho": [
    0.5,
    1.5,
    2.5,
    3.5,
    4.5,
    5.5,
    6.5,
    7.5,
    8.5,
    9.5,
    10.5,
    11.5,
    12.5,
    13.5,
    14.5,
    15.5,
    16.5,
    17.5,
    18.5,
    19.5,
    20.5,
    21.5,
    22.5,
    23.5,
    24.5,
    25.5,
    26.5,
    27.5,
    28.5,
    29.5,
    30.5,
    31.5,
    32.5,
    33.5,
    34.5,
    35.5,
    36.5,
    37.5,
    38.5,
    39.5,
    40.5,
    41.5,
    42.5,
    43.5,
    44.5,
    45.5,
    46.5,
    47.5,
    48.5,
    49.5,
    50.5,
    51.5,
    52.5,
    53.5,
    54.5,
    55.5,
    56.5,
    57.5,
    58.5,
    59.5,
    60.5,
    61.5,
    62.5
   ],
   "profile": [
    0.004312381720245812,
    0.0017758366942937072,
    0.001578875167723679,
    0.0017667052369013793,
    0.0021437106239481914,
    0.002681716319049785,
    0.0033343929845350067,
    0.004182869247936255,
    0.0051624989388661035,
    0.0062052270574999135,
    0.007213443566920635,
    0.007916146278535019,
    0.0086421066366157,
    0.009826974492374832,
    0.010861176416694351,
    0.012294863912281892,
    0.01396878790055846,
    0.015424199798789784,
    0.016658427193170646,
    0.01790663310253841,
    0.020213626793904777,
    0.02194023899542024,
    0.024579305346214008,
    0.024246774194865924,
    0.022807767549288913,
    0.016612903688187575,
    0.014198938264839197,
    0.016798648193950327,
    0.013555960715753265,
    0.008368778660004135,
    0.004214214472921141,
    0.0016603935393523614,
    0.0005821449092092395,
    0.00016180691954249528,
    3.779729789563503e-05,
    6.823830118104397e-06,
    9.860329256123333e-07,
    1.1596592615926065e-07,
    1.0085556929968025e-08,
    8.27819396167467e-10,
    4.331786918777116e-11,
    2.6703772336410136e-12,
    8.522631509937309e-14,
    4.181660214218874e-15,
    8.315396808803502e-17,
    3.386873165851288e-18,
    4.3020507695966876e-20,
    1.498731082665703e-21,
    1.2757271950657076e-23,
    3.9796619166825036e-25,
    2.0628889159279105e-27,
    4.087741550376061e-29,
    4.3303396472954303e-32,
    6.081648830662065e-34,
    4.388480438137472e-37,
    5.489790928162415e-39,
    2.8092667313364598e-42,
    3.523306838414328e-44,
    1.28410832656768e-47,
    1.5331397734373439e-49,
    4.18573920012164e-53,
    4.6378214652560395e-55,
    9.724994044243505e-59
   ],
   "E_total": 0.3438442096192527,
   "gate_rel": 0.0,
   "r50": 20.5,
   "r90": 27.5
  }
 },
 "winding": {
  "ring_read": {
   "ring_rho": 17.455944735486973,
   "q_r4": 0.49999999999999983
  },
  "center_scan": [
   {
    "rho": 17.455944735486973,
    "z": -8.145178720228954e-16,
    "q": 0.49999999999999983
   }
  ],
  "core_lam": [
   1.0143935624260068,
   0.13753495265505558,
   0.11618618171080705
  ]
 }
}