{
 "n": 48,
 "delta": 0.03,
 "bc": "pinned",
 "iters": 800,
 "ret_seed": 1.0,
 "ret_end": 0.7771467874826161,
 "ret_per_eig_end": [
  0.6724321877952463,
  0.6701803494017439,
  0.988827825250858
 ],
 "E_seed": 22.37302657235453,
 "E_end": 8.092283211452104,
 "u_over_3v_end": 0.7212964732034494,
 "core_end": {
  "core_lams": [
   0.40258934925166784,
   0.5193864366060275,
   0.6616452348081475
  ],
  "core_spread": 0.2590558855564797,
  "axis_lams": [
   0.28149934650466796,
   0.40131936993171563,
   0.8013581297220294
  ]
 },
 "stop": "max_iter",
 "wall_s": 114.72617697715759
}