{
 "seed": "A",
 "n": 48,
 "delta": 0.3,
 "bc": "pinned",
 "E_end": 3.7218211420287046,
 "E_u": 3.3500965347439697,
 "E_v": 0.37172460728473466,
 "u_over_3v": 3.0041025614946295,
 "r_half": 19.30673457630782,
 "retention": {
  "per_eig": [
   0.7281571952174218,
   0.6586690365920888,
   0.7016963335985527
  ],
  "mean": 0.6961741884693544
 },
 "core": {
  "core_lams": [
   0.002608851245042942,
   0.39415173829732203,
   0.9649096724347138
  ],
  "core_spread": 0.9623008211896709,
  "axis_lams": [
   0.08276931558790944,
   0.5984321998044883,
   0.8368052518376482
  ]
 },
 "overlap_end": {
  "r": [
   0.8055840474786496,
   2.416752142435949,
   4.027920237393248,
   5.639088332350548,
   7.250256427307846,
   8.861424522265146,
   10.472592617222446,
   12.083760712179744,
   13.694928807137044,
   15.306096902094342,
   16.917264997051642,
   18.528433092008942,
   20.139601186966242,
   21.75076928192354,
   23.36193737688084,
   24.97310547183814,
   26.58427356679544,
   28.19544166175274,
   29.80660975671004,
   31.417777851667335,
   33.02894594662463,
   34.64011404158194,
   36.25128213653923,
   37.86245023149654
  ],
  "O": [
   [
    [
     0.6673666929227072,
     0.014596170990985771,
     0.3180371360863074
    ],
    [
     0.01008511785804051,
     0.9854007754288426,
     0.004514106713116755
    ],
    [
     0.3225481892192528,
     3.0535801714941053e-06,
     0.6774487572005761
    ]
   ],
   [
    [
     0.12151925539450933,
     0.5699630491973504,
     0.30851769540814034
    ],
    [
     0.3248000428377388,
     0.21824463237042768,
     0.4569553247918333
    ],
    [
     0.5536807017677519,
     0.2117923184322219,
     0.2345269798000264
    ]
   ],
   [
    [
     0.1787223824452378,
     0.27237552818733585,
     0.5489020893674263
    ],
    [
     0.29039802158554656,
     0.4020661116413349,
     0.3075358667731185
    ],
    [
     0.5308795959692156,
     0.3255583601713292,
     0.14356204385945515
    ]
   ],
   [
    [
     0.18407194751196856,
     0.1608639864462314,
     0.6550640660418
    ],
    [
     0.26816564345418026,
     0.5314585521037416,
     0.200375804442078
    ],
    [
     0.5477624090338511,
     0.307677461450027,
     0.14456012951612185
    ]
   ],
   [
    [
     0.14497097224258937,
     0.13478048754914235,
     0.7202485402082682
    ],
    [
     0.2779376175227136,
     0.563787382848394,
     0.15827499962889238
    ],
    [
     0.577091410234697,
     0.30143212960246357,
     0.12147646016283935
    ]
   ],
   [
    [
     0.14146843917301724,
     0.13591659185797075,
     0.7226149689690121
    ],
    [
     0.24432736306833666,
     0.6102157803603125,
     0.14545685657135085
    ],
    [
     0.6142041977586462,
     0.25386762778171673,
     0.13192817445963714
    ]
   ],
   [
    [
     0.14578992578597674,
     0.12982178997727467,
     0.7243882842367487
    ],
    [
     0.20266144254173335,
     0.6496921612117745,
     0.147646396246492
    ],
    [
     0.6515486316722899,
     0.22048604881095063,
     0.12796531951675943
    ]
   ],
   [
    [
     0.12150120676967936,
     0.15754036018619966,
     0.7209584330441209
    ],
    [
     0.1992466590054299,
     0.6583505781357596,
     0.14240276285881054
    ],
    [
     0.6792521342248907,
     0.1841090616780408,
     0.1366388040970685
    ]
   ],
   [
    [
     0.09742203499230205,
     0.17490041495565875,
     0.7276775500520392
    ],
    [
     0.18109736131005896,
     0.6701996879871904,
     0.14870295070275052
    ],
    [
     0.7214806036976389,
     0.1548998970571507,
     0.12361949924521026
    ]
   ],
   [
    [
     0.07969541138566004,
     0.18505710504607625,
     0.7352474835682636
    ],
    [
     0.15723411939106596,
     0.6755426273095712,
     0.1672232532993627
    ],
    [
     0.7630704692232739,
     0.13940026764435248,
     0.09752926313237353
    ]
   ],
   [
    [
     0.06375098081743998,
     0.21599926149242393,
     0.7202497576901362
    ],
    [
     0.14681618616979625,
     0.6584046535301323,
     0.19477916030007147
    ],
    [
     0.7894328330127638,
     0.12559608497744382,
     0.08497108200979238
    ]
   ],
   [
    [
     0.04698448205117749,
     0.22328193434245547,
     0.7297335836063671
    ],
    [
     0.1355359627636646,
     0.6649880714758307,
     0.19947596576050472
    ],
    [
     0.8174795551851578,
     0.11172999418171385,
     0.07079045063312825
    ]
   ],
   [
    [
     0.036214995950645965,
     0.20434468041454557,
     0.7594403236348084
    ],
    [
     0.10684963185917222,
     0.7033777543509747,
     0.18977261378985302
    ],
    [
     0.8569353721901818,
     0.09227756523447966,
     0.050787062575338514
    ]
   ],
   [
    [
     0.025192506153902856,
     0.18228611816896786,
     0.7925213756771293
    ],
    [
     0.07317069810607521,
     0.7554499316303177,
     0.17137937026360708
    ],
    [
     0.9016367957400219,
     0.0622639502007144,
     0.03609925405926367
    ]
   ],
   [
    [
     0.01710133586549566,
     0.14593956073924264,
     0.8369591033952616
    ],
    [
     0.044699555555433694,
     0.813336530700345,
     0.1419639137442214
    ],
    [
     0.9381991085790709,
     0.04072390856041248,
     0.021076982860516874
    ]
   ],
   [
    [
     0.01474320583965953,
     0.11341586958272606,
     0.8718409245776143
    ],
    [
     0.032387710644307,
     0.8564848505066891,
     0.11112743884900392
    ],
    [
     0.9528690835160334,
     0.030099279910584836,
     0.01703163657338169
    ]
   ],
   [
    [
     0.010223260144893115,
     0.06951268564017678,
     0.9202640542149302
    ],
    [
     0.01957421578285138,
     0.9127320486276667,
     0.06769373558948179
    ],
    [
     0.9702025240722555,
     0.01775526573215639,
     0.0120422101955881
    ]
   ],
   [
    [
     0.008437645384828543,
     0.04336357155341162,
     0.9481987830617598
    ],
    [
     0.009181018856481121,
     0.9477187886223445,
     0.043100192521174516
    ],
    [
     0.9823813357586902,
     0.008917639824244025,
     0.00870102441706564
    ]
   ],
   [
    [
     0.0046677775786942675,
     0.019514247284118092,
     0.9758179751371876
    ],
    [
     0.004942915504330863,
     0.9753356008772743,
     0.01972148361839467
    ],
    [
     0.9903893069169748,
     0.005150151838607444,
     0.004460541244417686
    ]
   ],
   [
    [
     0.003064344651769027,
     0.012413153501152656,
     0.9845225018470781
    ],
    [
     0.002419834206055306,
     0.9845995520197941,
     0.01298061377415058
    ],
    [
     0.9945158211421757,
     0.002987294479053228,
     0.0024968843787711048
    ]
   ],
   [
    [
     0.001374276444576625,
     0.005726971177529767,
     0.9928987523778936
    ],
    [
     0.0009979461838418979,
     0.9932760181991617,
     0.005726035616996426
    ],
    [
     0.9976277773715815,
     0.000997010623308556,
     0.0013752120051099665
    ]
   ],
   [
    [
     0.0006965544920410943,
     0.004024364114248934,
     0.99527908139371
    ],
    [
     0.00045223706937577425,
     0.9952691603523955,
     0.004278602578228724
    ],
    [
     0.9988512084385832,
     0.0007064755333555649,
     0.00044231602806130295
    ]
   ],
   [
    [
     0.0002536231352163615,
     0.00022433638847943672,
     0.9995220404763041
    ],
    [
     5.7020533915585605e-05,
     0.9997230938606734,
     0.00021988560541111036
    ],
    [
     0.999689356330868,
     5.256975084725852e-05,
     0.00025807391828468873
    ]
   ],
   [
    [
     7.504098891448345e-06,
     6.9585468234766065e-06,
     0.9999855373542851
    ],
    [
     6.5649004959586035e-06,
     0.999986454226681,
     6.980872823089605e-06
    ],
    [
     0.9999859310006127,
     6.5872264955717255e-06,
     7.481772891835354e-06
    ]
   ]
  ],