{
 "rel_cut": 0.01,
 "tstar": 1.9375,
 "T_probe": 1.7875,
 "sector_max_dM": {
  "time_diag_00": 2.225952755452454e-11,
  "time_mix_0i": 1.3347797380983338e-06,
  "spatial_diag": 0.09779643830671203,
  "spatial_offdiag": 0.05007318596807707
 },
 "blow_cell_rho_z": [
  24.5,
  -2.5
 ],
 "blow_cell_dist_to_ring": 7.905694150420948,
 "v_max_cell": [
  24,
  57
 ],
 "max_dM": 0.09779643830671203,
 "max_v": 0.1197298710419687
}