{
 "arena": {
  "n": 64,
  "L": 64.0,
  "h": 1.0,
  "bc": "free"
 },
 "GK_sym_max": 0.0,
 "GL1_ladder": {
  "dt0.05": 0.0014268657178451054,
  "dt0.025": 0.0003572397189718064,
  "dt0.0125": 8.930513983506174e-05
 },
 "GL1_dt": 0.05,
 "GL2_monotone": true,
 "GL2_absorbed_200": 1.5808272639669076
}