{
 "tag": "hess_p1_s+1",
 "E0": 6.239697665771402,
 "curv_timemix": [
  -0.2642379559603114,
  -0.2586972946971855,
  -0.25528246716532976,
  -0.26296054933538926,
  -0.26459450275240215,
  -0.26535471597810556,
  -0.26889627946502515,
  -0.2625624375696134,
  -0.26323759527713264,
  -0.2593443753085012,
  -0.26481778192533056,
  -0.26516971374235254,
  -0.27609282327034634,
  -0.26875669689729875,
  -0.2641540852721391,
  -0.24856990066268736,
  -0.2641602119268782,
  -0.26879088821374353,
  -0.26157417387651094,
  -0.2666186382782598,
  -0.2730982409104854,
  -0.2635565010677965,
  -0.25463613440024346,
  -0.27244050393449015
 ],
 "n_neg": 24,
 "min_curv": -0.27609282327034634,
 "curv_spatial_ctrl": [
  0.4067769614479744,
  0.4153285253494232,
  0.4099388926093184,
  0.3986956871315783,
  0.41790824401033433,
  0.39383923322589,
  0.4095742207610442,
  0.4193142837394248
 ],
 "n_neg_ctrl": 0
}