{
 "seed": "R",
 "term": "T1",
 "stencil": "sym",
 "eps": 0.003,
 "n": 32,
 "L": 48.0,
 "h": 1.5,
 "delta": 0.3,
 "bc": "pinned",
 "maxit": 6000,
 "aring": 4.0,
 "shift": 0.3,
 "w2": 0.000724023879,
 "wdet": 0.000724023879,
 "tag": "i1_R_sym_e0.003",
 "E_end": 7.077742029217096,
 "E_u": 4.086903459129,
 "E_d": 2.072720389268245,
 "E_v": 0.9181181808198503,
 "E_seed": 26.75511214747482,
 "virial_resid": 0.10457734536570412,
 "u_over_3v": 1.4837971641368746,
 "r_half": 17.282577932704367,
 "retention": {
  "per_eig": [
   0.7841665837521778,
   0.4498118092083827,
   0.5764330296132542
  ],
  "mean": 0.6034704741912716
 },
 "ring": {
  "vmax_rho": 1.0606601717798212,
  "vmax_z": -15.75,
  "vmax_r": 15.785673884886892,
  "n_hi": 396,
  "rho_w": 3.9841139062565243,
  "z_rms_w": 14.797302428289509
 },
 "ring_seed": {
  "vmax_rho": 3.824264635194589,
  "vmax_z": -0.75,
  "vmax_r": 3.897114317029974,
  "n_hi": 96,
  "rho_w": 4.282822373246937,
  "z_rms_w": 0.75
 },
 "consistency": {
  "E_u_fwd": 4.086903459129001,
  "E_u_bwd": 4.086903459129001,
  "E_u_2h": 3.7091611359165264,
  "E_u_sub0": 3.7734610439256793,
  "E_u_sub1": 3.679279568208599,
  "xstencil_ratio": 1.110789050781175
 },
 "min_gap_end": 0.005138062430491502,
 "stop": "f_tol",
 "trace": [
  {
   "it": 500,
   "E": 7.515908153308145,
   "E_u": 3.9793326660270587,
   "E_d": 1.9782142104641962,
   "E_v": 1.55836127681689,
   "fmax": 7.379416778366326e-05,
   "dt": 0.2
  },
  {
   "it": 1000,
   "E": 7.099914563290974,
   "E_u": 4.069321360544166,
   "E_d": 2.0798624341491205,
   "E_v": 0.9507307685976878,
   "fmax": 0.00013015964742414248,
   "dt": 0.2
  },
  {
   "it": 1500,
   "E": 7.077742036720204,
   "E_u": 4.086913737596784,
   "E_d": 2.0727141761963814,
   "E_v": 0.9181141229270395,
   "fmax": 7.581286385639938e-08,
   "dt": 0.2
  }
 ],
 "wall_s": 155.36751508712769
}