{
 "n": 32,
 "delta": 0.3,
 "bc": "free",
 "iters": 800,
 "ret_seed": 1.0,
 "ret_end": 0.7707957481103446,
 "ret_per_eig_end": [
  0.832864157346848,
  0.7776609861591424,
  0.7018621008250436
 ],
 "E_seed": 15.756899330830358,
 "E_end": 0.21938895559759314,
 "u_over_3v_end": 0.029064368192288293,
 "core_end": {
  "core_lams": [
   -0.2197043195058624,
   0.6993332575856294,
   0.8285423130314367
  ],
  "core_spread": 1.048246632537299,
  "axis_lams": [
   -0.22587286507709092,
   0.6740782781166117,
   0.8523168963459078
  ]
 },
 "stop": "max_iter",
 "wall_s": 33.776134967803955
}