{
 "r0_norm": 0.42871638923345196,
 "full": {
  "frac": 0.8855318037774614,
  "amps": [
   1.7195901287462254,
   -0.005744089418154234,
   -0.0020685189687296266,
   -0.005501525437650923
  ]
 },
 "null_projected": {
  "frac": 0.9999999999999999,
  "amps": [
   0.30250439018860453,
   0.30250439018860453,
   0.2999937602194322,
   0.2999930692147538
  ]
 }
}