{
 "a": 4.5,
 "a_window_vacuum": {
  "scan": [
   [
    0.25,
    -5.8124999999999964
   ],
   [
    0.5,
    -3.75
   ],
   [
    0.75,
    -1.8124999999999998
   ],
   [
    1.0,
    -1.289623617736413e-16
   ],
   [
    1.25,
    0.06250000000000022
   ],
   [
    1.5,
    0.24999999999999983
   ],
   [
    1.75,
    0.5625000000000009
   ],
   [
    2.0,
    0.9999999999999987
   ],
   [
    2.25,
    1.5624999999999964
   ],
   [
    2.5,
    2.2500000000000013
   ],
   [
    2.75,
    3.062499999999999
   ],
   [
    3.0,
    4.000000000000002
   ],
   [
    3.25,
    5.0625
   ],
   [
    3.5,
    6.250000000000002
   ],
   [
    3.75,
    7.5625
   ],
   [
    4.0,
    9.000000000000005
   ],
   [
    4.25,
    10.562499999999998
   ],
   [
    4.5,
    12.249999999999996
   ],
   [
    4.75,
    10.5625
   ],
   [
    5.0,
    9.0
   ],
   [
    5.25,
    7.5625
   ],
   [
    5.5,
    6.25
   ],
   [
    5.75,
    5.0625
   ],
   [
    6.0,
    4.0
   ],
   [
    6.25,
    3.0625
   ],
   [
    6.5,
    2.25
   ],
   [
    6.75,
    1.5625
   ],
   [
    7.0,
    1.0
   ],
   [
    7.25,
    0.5625
   ],
   [
    7.5,
    0.25
   ],
   [
    7.75,
    0.0625
   ],
   [
    8.0,
    -6.661338147751237e-17
   ],
   [
    8.25,
    -2.0625000000000004
   ],
   [
    8.5,
    -4.250000000000008
   ],
   [
    8.75,
    -6.562499999999983
   ],
   [
    9.0,
    -8.999999999999988
   ],
   [
    9.25,
    -11.562500000000009
   ],
   [
    9.5,
    -14.249999999999998
   ],
   [
    9.75,
    -17.062500000000014
   ]
  ],
  "window": [
   1.25,
   7.75
  ]
 },
 "recipe": {
  "quartic_mineig": -31.986798349549826,
  "quartic_maxeig": 127.94719339155948,
  "frac_cells_negative": 1.0,
  "dressing_mineig_over_cells": 24.28447451893845,
  "beta_star": 1.305571288421561,
  "mineig_at_beta_star": 3.5981884138891473e-11,
  "U_add_frac_at_bstar": 570094.6501419385,
  "U_add_frac_at_2bstar": 1140189.300283877,
  "E_static_base": 0.3438442096192527,
  "s2_dressed_samples": {
   "a=2.0": {
    "mineig_samples": [
     -0.3610628853693675,
     -0.02804795873608079,
     -0.012071971405378665,
     -0.005796401400797001
    ]
   },
   "a=4.5": {
    "mineig_samples": [
     -1.9155403383138285,
     -0.15310130329380414,
     -0.06386295651254299,
     -0.030431107354184285
    ]
   },
   "a=7.0": {
    "mineig_samples": [
     -5.1223456246881,
     -0.41348351419248275,
     -0.17059045204451442,
     -0.08114961961115807
    ]
   }
  }
 },
 "raw": {
  "quartic_mineig": -31.999999999999993,
  "quartic_maxeig": 128.0,
  "frac_cells_negative": 1.0,
  "dressing_mineig_over_cells": 24.49999999999998,
  "beta_star": 1.3061224489811138,
  "mineig_at_beta_star": 3.728928277269006e-11,
  "U_add_frac_at_bstar": 76444.22327975815,
  "U_add_frac_at_2bstar": 152888.4465595163,
  "E_static_base": 2.6755380285186425,
  "s2_dressed_samples": {
   "a=2.0": {
    "mineig_samples": [
     -0.396694214876033,
     -0.061705269798230156,
     -0.01289975812953507,
     -0.005796401400797001
    ]
   },
   "a=4.5": {
    "mineig_samples": [
     -2.0826446280991737,
     -0.2261593973871948,
     -0.06772373018005914,
     -0.030431107354184285
    ]
   },
   "a=7.0": {
    "mineig_samples": [
     -5.553719008264462,
     -0.5814549210320987,
     -0.180596613813491,
     -0.08114961961115807
    ]
   }
  }
 },
 "remnant": {
  "quartic_mineig": -31.973545922864474,
  "quartic_maxeig": 127.89418368113027,
  "frac_cells_negative": 1.0,
  "dressing_mineig_over_cells": 24.377223186136202,
  "beta_star": 1.3050474205938372,
  "mineig_at_beta_star": 3.204547738278052e-11,
  "U_add_frac_at_bstar": 3055333.613018902,
  "U_add_frac_at_2bstar": 6110667.226037804,
  "E_static_base": 0.06376667394025085,
  "s2_dressed_samples": {
   "a=2.0": {
    "mineig_samples": [
     -0.37456078202626636,
     -0.03369674791803202,
     -0.012112865819985441,
     -0.0057964012845563425
    ]
   },
   "a=4.5": {
    "mineig_samples": [
     -1.9788386425837752,
     -0.17980769979457079,
     -0.06403192322775376,
     -0.03043110681473598
    ]
   },
   "a=7.0": {
    "mineig_samples": [
     -5.287818381727511,
     -0.48241084689426916,
     -0.17112550315722908,
     -0.08114961820122898
    ]
   }
  }
 }
}