{
 "closed_form": {
  "r4F2_mean": 0.9793242128765091,
  "r4F2_p95_dev": 0.05862763881152022,
  "target": 1.0,
  "flux_vs_4pi": 0.8283422713073396
 },
 "eid_repro": {
  "mu_tilt_theirs": 0.2209051260192842,
  "mu_tilt12_mine": 0.22090513729761604,
  "record_2r": 0.2209,
  "mu_twist_mine": 2.43051899300893e-08
 }
}