{
 "tag": "hess_p1_s-1",
 "E0": 6.7961299466699945,
 "curv_timemix": [
  -0.26529307639577837,
  -0.2595298642660282,
  -0.25629314848174545,
  -0.26396269703354847,
  -0.26574038969329195,
  -0.26637721006750326,
  -0.2700313217474104,
  -0.26350191006940804,
  -0.26431961508421864,
  -0.2603136515233473,
  -0.2658041005076939,
  -0.26618831228120143,
  -0.2771514004962228,
  -0.26983275169811805,
  -0.26520247686789844,
  -0.24934699816014927,
  -0.26511232498194204,
  -0.26991708423906857,
  -0.2626038799746766,
  -0.26757248683395574,
  -0.2742102562791615,
  -0.2646222725388725,
  -0.25544983905945173,
  -0.2734686859184876
 ],
 "n_neg": 24,
 "min_curv": -0.2771514004962228,
 "curv_spatial_ctrl": [
  0.4078549968866696,
  0.41665823502512467,
  0.4112277407486431,
  0.3998919071435125,
  0.4192381348744334,
  0.39498473203281037,
  0.4108017552795218,
  0.4206231807302174
 ],
 "n_neg_ctrl": 0
}