{
 "seed": "A",
 "n": 48,
 "delta": 0.3,
 "bc": "free",
 "E_end": 0.02382186397264784,
 "E_u": 0.003931216622435322,
 "E_v": 0.019890647350212516,
 "u_over_3v": 0.06588048733354943,
 "r_half": 12.835497652993435,
 "retention": {
  "per_eig": [
   0.5826614972726883,
   0.5773977948870125,
   0.6957609050757416
  ],
  "mean": 0.6186067324118142
 },
 "core": {
  "core_lams": [
   -0.12422760651337174,
   0.45426366828836595,
   0.962546612578938
  ],
  "core_spread": 1.0867742190923098,
  "axis_lams": [
   -0.11264323288919725,
   0.4356285565033795,
   0.9686421672616509
  ]
 },
 "overlap_end": {
  "r": [
   0.8055840474786496,
   2.416752142435949,
   4.027920237393248,
   5.639088332350548,
   7.250256427307846,
   8.861424522265146,
   10.472592617222446,
   12.083760712179744,
   13.694928807137044,
   15.306096902094342,
   16.917264997051642,
   18.528433092008942,
   20.139601186966242,
   21.75076928192354,
   23.36193737688084,
   24.97310547183814,
   26.58427356679544,
   28.19544166175274,
   29.80660975671004,
   31.417777851667335,
   33.02894594662463,
   34.64011404158194,
   36.25128213653923,
   37.86245023149654
  ],
  "O": [
   [
    [
     0.3331005287170607,
     2.3994809713576187e-07,
     0.6668992313348422
    ],
    [
     0.00014769447141583383,
     0.9997884786117408,
     6.382691684318707e-05
    ],
    [
     0.6667517768115239,
     0.0002112814401618803,
     0.3330369417483147
    ]
   ],
   [
    [
     0.17002069681126278,
     0.2765658749706159,
     0.5534134282181213
    ],
    [
     0.3137731243931533,
     0.41410394907359516,
     0.27212292653325143
    ],
    [
     0.5162061787955837,
     0.30933017595578893,
     0.17446364524862712
    ]
   ],
   [
    [
     0.1780139289907847,
     0.32828396168500834,
     0.49370210932420694
    ],
    [
     0.386950643312162,
     0.3443328723077824,
     0.26871648438005563
    ],
    [
     0.4350354276970533,
     0.32738316600720924,
     0.23758140629573743
    ]
   ],
   [
    [
     0.2148357227005977,
     0.27479473611566446,
     0.5103695411837378
    ],
    [
     0.3424377794678392,
     0.3557934339132207,
     0.30176878661893997
    ],
    [
     0.44272649783156315,
     0.36941182997111477,
     0.18786167219732217
    ]
   ],
   [
    [
     0.2270534198013658,
     0.24356334294384646,
     0.5293832372547879
    ],
    [
     0.24077015934423127,
     0.44926374908787164,
     0.30996609156789706
    ],
    [
     0.532176420854403,
     0.3071729079682819,
     0.1606506711773152
    ]
   ],
   [
    [
     0.20505474155883488,
     0.28480873200092605,
     0.510136526440239
    ],
    [
     0.17305328333942058,
     0.4900534682599129,
     0.33689324840066653
    ],
    [
     0.6218919751017444,
     0.22513779973916093,
     0.15297022515909448
    ]
   ],
   [
    [
     0.19796877109574046,
     0.22941616291612044,
     0.5726150659881392
    ],
    [
     0.1314069210169777,
     0.5600443132463837,
     0.3085487657366386
    ],
    [
     0.670624307887282,
     0.21053952383749594,
     0.11883616827522221
    ]
   ],
   [
    [
     0.1576614388678909,
     0.28443537111953765,
     0.5579031900125715
    ],
    [
     0.1416135121738186,
     0.5427658912210204,
     0.31562059660516106
    ],
    [
     0.7007250489582906,
     0.17279873765944206,
     0.12647621338226744
    ]
   ],
   [
    [
     0.16195608591509553,
     0.25675636443541217,
     0.5812875496494923
    ],
    [
     0.11960001075991653,
     0.594520210091914,
     0.2858797791481696
    ],
    [
     0.718443903324988,
     0.1487234254726739,
     0.13283267120233813
    ]
   ],
   [
    [
     0.16353353137749704,
     0.2003148689460731,
     0.6361515996764299
    ],
    [
     0.11636405577727345,
     0.6379485291354706,
     0.24568741508725578
    ],
    [
     0.7201024128452295,
     0.1617366019184562,
     0.11816098523631431
    ]
   ],
   [
    [
     0.1456496660789548,
     0.17148825242594,
     0.6828620814951052
    ],
    [
     0.11627747001030653,
     0.6789532900698859,
     0.20476923991980758
    ],
    [
     0.7380728639107387,
     0.14955845750417407,
     0.11236867858508726
    ]
   ],
   [
    [
     0.14167376648655686,
     0.16563969172227921,
     0.692686541791164
    ],
    [
     0.12018974133153747,
     0.6822181804661596,
     0.19759207820230304
    ],
    [
     0.7381364921819056,
     0.15214212781156133,
     0.10972138000653302
    ]
   ],
   [
    [
     0.1438213062054573,
     0.15359746850763403,
     0.7025812252869086
    ],
    [
     0.1205409884079339,
     0.6897261377736738,
     0.18973287381839227
    ],
    [
     0.7356377053866088,
     0.1566763937186921,
     0.10768590089469908
    ]
   ],
   [
    [
     0.1372149103265748,
     0.14158204674430086,
     0.7212030429291244
    ],
    [
     0.12008534950543064,
     0.7091913866517247,
     0.1707232638428446
    ],
    [
     0.7426997401679946,
     0.14922656660397438,
     0.10807369322803106
    ]
   ],
   [
    [
     0.13272337657957775,
     0.14244273651620518,
     0.7248338869042171
    ],
    [
     0.12780820309351817,
     0.7044968537225634,
     0.1676949431839183
    ],
    [
     0.7394684203269041,
     0.15306040976123128,
     0.10747116991186464
    ]
   ],
   [
    [
     0.11404322890033342,
     0.11110672691233626,
     0.7748500441873303
    ],
    [
     0.11508794391331391,
     0.758480952402324,
     0.12643110368436208
    ],
    [
     0.7708688271863526,
     0.1304123206853397,
     0.09871885212830764
    ]
   ],
   [
    [
     0.09987159773609253,
     0.08715530070027044,
     0.8129731015636371
    ],
    [
     0.10263494596799741,
     0.8026185568137416,
     0.09474649721826087
    ],
    [
     0.79749345629591,
     0.11022614248598787,
     0.09228040121810209
    ]
   ],
   [
    [
     0.08775310950436618,
     0.06980609721494616,
     0.8424407932806877
    ],
    [
     0.08192370619318046,
     0.842838248688736,
     0.07523804511808362
    ],
    [
     0.8303231843024534,
     0.08735565409631792,
     0.08232116160122872
    ]
   ],
   [
    [
     0.07383502263565192,
     0.07250395525548577,
     0.8536610221088623
    ],
    [
     0.07300239990216084,
     0.8553940182542761,
     0.07160358184356307
    ],
    [
     0.8531625774621873,
     0.07210202649023814,
     0.07473539604757458
    ]
   ],
   [
    [
     0.06312025840695809,
     0.05799213803357959,
     0.8788876035594623
    ],
    [
     0.05176726508295042,
     0.8882301409275146,
     0.06000259398953479
    ],
    [
     0.8851124765100914,
     0.05377772103890561,
     0.06110980245100289
    ]
   ],
   [
    [
     0.045673029807441444,
     0.036556594356453975,
     0.9177703758361045
    ],
    [
     0.02877207181770368,
     0.9316020537183152,
     0.03962587446398109
    ],
    [
     0.9255548983748548,
     0.031841351925230806,
     0.04260374969991431
    ]
   ],
   [
    [
     0.03264437427381927,
     0.009388759114542676,
     0.957966866611638
    ],
    [
     0.005921516263122647,
     0.9818936605939846,
     0.012184823142892856
    ],
    [
     0.9614341094630582,
     0.00871758029147283,
     0.029848310245469092
    ]
   ],
   [
    [
     0.02352433544299859,
     0.0038674833901386862,
     0.9726081811668627
    ],
    [
     0.003674133544176445,
     0.991296837609946,
     0.005029028845877439
    ],
    [
     0.972801531012825,
     0.0048356789999152005,
     0.022362789987259837
    ]
   ],
   [
    [
     0.012357091883881354,
     0.0020835416874940478,
     0.9855593664286245
    ],
    [
     0.0025690376213624595,
     0.9947713505730889,
     0.002659611805548686
    ],
    [
     0.985073870494756,
     0.0031451077394171034,
     0.011781021765826712
    ]
   ]
  ],