{
 "start": {
  "kin0": 0.296955480141499,
  "J": 0.1187821920565996,
  "om_target": 0.2,
  "E_u0": 4.87720346508467,
  "E_v0": 1.9189264815853249,
  "spec_core0": [
   0.025792406253663233,
   0.28277246618294005,
   0.9934593523364461,
   8.000012397766113
  ],
  "twist0": {
   "b": 0.0,
   "d": 0.17066394103681293,
   "k_star": -0.0
  }
 },
 "hist": [
  {
   "iter": 300,
   "kin": 0.296955480141499,
   "omega_star": 0.2,
   "E_rot": 0.01187821920565996,
   "E_u": 4.878271081405581,
   "E_v": 1.904340128721054,
   "fire_stop": "max_iter"
  },
  {
   "iter": 600,
   "kin": 0.29723776606835384,
   "omega_star": 0.19981006052454994,
   "E_rot": 0.01186693849203394,
   "E_u": 4.879405569605652,
   "E_v": 1.8890438911158953,
   "fire_stop": "max_iter"
  },
  {
   "iter": 900,
   "kin": 0.29753325734798414,
   "omega_star": 0.1996116217651532,
   "E_rot": 0.011855152996618872,
   "E_u": 4.880531657296799,
   "E_v": 1.8740268129644044,
   "fire_stop": "max_iter"
  },
  {
   "iter": 1200,
   "kin": 0.29782259758695157,
   "omega_star": 0.19941769533106068,
   "E_rot": 0.011843635493149257,
   "E_u": 4.881654254266359,
   "E_v": 1.8592012822167672,
   "fire_stop": "max_iter"
  }
 ],
 "stop": "maxit",
 "final": {
  "kin_final": 0.2981076327436042,
  "omega_star_final": 0.1992270224069733,
  "E_u": 4.881654254266359,
  "E_v": 1.8592012822167672,
  "spec_core": [
   0.025863465645673326,
   0.28281130020312334,
   0.9937217145031553,
   8.000011904177594
  ],
  "twist": {
   "b": 0.0,
   "d": 0.17135721303866672,
   "k_star": -0.0
  },
  "rel_move_from_start": 0.00011786143132159216
 }
}