{
 "wp": {
  "fam": "J23^K2",
  "chi": 0.704541015625,
  "note": "moderate w* ~ 0.1 (near-crossing, off-edge)",
  "Q2_avg": -24.28046840011448,
  "omega": 0.11900147030942104
 },
 "rounds": [
  {
   "round": 1,
   "resid_rel": 0.9936556782008732,
   "omega": 0.11900147030942104,
   "d_omega_rel": null,
   "U": 0.443315542305422,
   "Q2_avg": 1.3864589731219894,
   "H": 0.462949672995438,
   "dSstar_dchi": null,
   "ring_rho": 17.455944735486973,
   "q_r4": 0.49999999999999983,
   "stop": "root lost (U*Q2 >= 0)"
  }
 ],
 "certificate": {
  "H_final": 0.462949672995438,
  "H_rel_to_U": 1.0442892901699554,
  "resid_rel_final": 0.9936556782008732
 }
}