{
 "n": 48,
 "delta": 0.03,
 "bc": "free",
 "iters": 800,
 "ret_seed": 1.0,
 "ret_end": 0.8706380944166862,
 "ret_per_eig_end": [
  0.8222981198973711,
  0.8223240349772261,
  0.9672921283754614
 ],
 "E_seed": 22.37302657235453,
 "E_end": 6.829617271159734,
 "u_over_3v_end": 0.5310827661464934,
 "core_end": {
  "core_lams": [
   0.35784917555997797,
   0.5446537006221945,
   0.6782386633657732
  ],
  "core_spread": 0.32038948780579524,
  "axis_lams": [
   0.3408119733296396,
   0.607644148473258,
   0.6511936003808646
  ]
 },
 "stop": "max_iter",
 "wall_s": 115.45127391815186
}