{
 "ev": "C_free64",
 "thr": 0.15,
 "match_d": 6.0,
 "n_tracks": 3,
 "tracks": [
  {
   "t_first": 70.0,
   "t_last": 130.0,
   "n_snaps": 5,
   "size_first": 343,
   "size_last": 352,
   "xyz_first": [
    1.6486880466472302,
    1.6486880466472302,
    -0.3163265306122449
   ],
   "xyz_last": [
    1.7272727272727273,
    1.7272727272727273,
    -0.15625
   ],
   "v": [
    0.0013097446770916176,
    0.0013097446770916176,
    0.0026679421768707485
   ],
   "speed": 0.00324788819041935,
   "dir": [
    0.403260395771971,
    0.403260395771971,
    0.821439046067124
   ],
   "r_first": 2.3529570808419136,
   "r_last": 2.4477247008722878,
   "departing": false,
   "ever_touches_edge_zone": true
  },
  {
   "t_first": 10.0,
   "t_last": 150.0,
   "n_snaps": 15,
   "size_first": 3018,
   "size_last": 1736,
   "xyz_first": [
    0.0,
    0.0,
    0.0
   ],
   "xyz_last": [
    0.0,
    0.0,
    0.0
   ],
   "v": [
    0.0,
    0.0,
    0.0
   ],
   "speed": 0.0,
   "dir": [
    0.0,
    0.0,
    0.0
   ],
   "r_first": 0.0,
   "r_last": 0.0,
   "departing": false,
   "ever_touches_edge_zone": true
  },
  {
   "t_first": 20.0,
   "t_last": 150.0,
   "n_snaps": 14,
   "size_first": 798,
   "size_last": 970,
   "xyz_first": [
    0.0,
    0.0,
    0.0
   ],
   "xyz_last": [
    0.0,
    0.0,
    0.0
   ],
   "v": [
    0.0,
    0.0,
    0.0
   ],
   "speed": 0.0,
   "dir": [
    0.0,
    0.0,
    0.0
   ],
   "r_first": 0.0,
   "r_last": 0.0,
   "departing": false,
   "ever_touches_edge_zone": true
  }
 ]
}