{
 "seed": "R",
 "term": "T1",
 "stencil": "sym",
 "eps": 0.001,
 "n": 32,
 "L": 48.0,
 "h": 1.5,
 "delta": 0.3,
 "bc": "pinned",
 "maxit": 6000,
 "aring": 4.0,
 "shift": 0.3,
 "w2": 0.000724023879,
 "wdet": 0.000724023879,
 "tag": "i1_R_sym_e0.001",
 "E_end": 5.665807246355421,
 "E_u": 4.152998434004883,
 "E_d": 0.7261506301151363,
 "E_v": 0.7866581822354023,
 "E_seed": 24.612558033095375,
 "virial_resid": -0.188300309346001,
 "u_over_3v": 1.7597640787275362,
 "r_half": 17.795715776557007,
 "retention": {
  "per_eig": [
   0.7719078484484015,
   0.4090985739727511,
   0.5419553447876829
  ],
  "mean": 0.5743205890696119
 },
 "ring": {
  "vmax_rho": 1.0606601717798212,
  "vmax_z": -15.75,
  "vmax_r": 15.785673884886892,
  "n_hi": 228,
  "rho_w": 3.6038269344796903,
  "z_rms_w": 15.23862718392214
 },
 "ring_seed": {
  "vmax_rho": 3.824264635194589,
  "vmax_z": -0.75,
  "vmax_r": 3.897114317029974,
  "n_hi": 96,
  "rho_w": 4.282822373246937,
  "z_rms_w": 0.75
 },
 "consistency": {
  "E_u_fwd": 4.152998434004882,
  "E_u_bwd": 4.152998434004882,
  "E_u_2h": 3.7698776530124167,
  "E_u_sub0": 3.851982289865287,
  "E_u_sub1": 3.7558878298058755,
  "xstencil_ratio": 1.105730155476856
 },
 "min_gap_end": 0.008157619814404576,
 "stop": "f_tol",
 "trace": [
  {
   "it": 500,
   "E": 6.183610668487582,
   "E_u": 4.087738135741913,
   "E_d": 0.6732967618389107,
   "E_v": 1.4225757709067586,
   "fmax": 0.00010379298148878097,
   "dt": 0.2
  },
  {
   "it": 1000,
   "E": 5.721116565936427,
   "E_u": 4.177828502289283,
   "E_d": 0.7369313534052635,
   "E_v": 0.8063567102418809,
   "fmax": 0.0006937741762404851,
   "dt": 0.2
  },
  {
   "it": 1500,
   "E": 5.665808861181829,
   "E_u": 4.152984191554937,
   "E_d": 0.7260784636650173,
   "E_v": 0.7867462059618747,
   "fmax": 7.716143132373777e-07,
   "dt": 0.2
  },
  {
   "it": 2000,
   "E": 5.665807246438039,
   "E_u": 4.15299886816084,
   "E_d": 0.7261505790604984,
   "E_v": 0.7866577992166998,
   "fmax": 1.1807814377873477e-08,
   "dt": 0.2
  }
 ],
 "wall_s": 190.04232478141785
}