{
 "null_force_frac": 0.9999977075345909,
 "null_dim_mean": 4.312421264802217,
 "null_dim_hist": {
  "0": 0,
  "1": 0,
  "2": 1294,
  "3": 66,
  "4": 1444,
  "5": 5134,
  "6": 0,
  "7": 0,
  "8": 0,
  "9": 0,
  "10": 0
 },
 "sector_norms": {
  "b0": 0.4287161165457508,
  "b1": 0.00027873106246966025,
  "b2": 0.00027873106258004396,
  "b3": 0.0002800522958904146,
  "b4": 1.2519993400864047e-20,
  "b5": 1.1134441342653393e-26,
  "b6": 2.1469585582176491e-19,
  "b7": 2.0876391415840293e-37,
  "b8": 2.438602657939653e-09,
  "b9": 1.1808818447873676e-29
 }
}