{
 "start": {
  "kin0": 0.12054881756255227,
  "J": 0.048219527025020914,
  "om_target": 0.2,
  "E_u0": 4.87720346508467,
  "E_v0": 1.9189264815853249,
  "spec_core0": [
   0.025792406253663233,
   0.28277246618294005,
   0.9934593523364461,
   8.000012397766113
  ],
  "twist0": {
   "b": 0.0005983906739905888,
   "d": 0.07889484063515058,
   "k_star": -0.003792330836675672
  }
 },
 "hist": [
  {
   "iter": 300,
   "kin": 0.12054881756255227,
   "omega_star": 0.2,
   "E_rot": 0.004821952702502092,
   "E_u": 4.878268491416241,
   "E_v": 1.9043476016374723,
   "fire_stop": "max_iter"
  },
  {
   "iter": 600,
   "kin": 0.12066383621833336,
   "omega_star": 0.1998093568721403,
   "E_rot": 0.004817356341774108,
   "E_u": 4.879400056569058,
   "E_v": 1.8890592397515031,
   "fire_stop": "max_iter"
  },
  {
   "iter": 900,
   "kin": 0.12078354113098903,
   "omega_star": 0.199611331864857,
   "E_rot": 0.004812582005678945,
   "E_u": 4.880523078822211,
   "E_v": 1.8740499427564223,
   "fire_stop": "max_iter"
  },
  {
   "iter": 1200,
   "kin": 0.12090006273217793,
   "omega_star": 0.19941894956596717,
   "E_rot": 0.004807943713948718,
   "E_u": 4.881642464896598,
   "E_v": 1.8592321402679635,
   "fire_stop": "max_iter"
  }
 ],
 "stop": "maxit",
 "final": {
  "kin_final": 0.12101417857388458,
  "omega_star_final": 0.1992308983677509,
  "E_u": 4.881642464896598,
  "E_v": 1.8592321402679635,
  "spec_core": [
   0.0258952659311133,
   0.2827797282745607,
   0.9937215776872026,
   8.000011905520504
  ],
  "twist": {
   "b": 0.0013436651140366872,
   "d": 0.07915548759099614,
   "k_star": -0.008487504498611211
  },
  "rel_move_from_start": 0.00011781270281281283
 }
}