{
 "ag1_gradq2": 1.2236692963923207e-15,
 "ag2_quadratic": 0.0,
 "ag3_uniform_q2_max": 0.0,
 "ag3_corot_vacuum_q2_J23": 1705.6204427117123,
 "pass": true
}