{"A": [[500, 3.185022], [1000, 2.457043], [1500, 2.210958], [2000, 2.17941], [2500, 2.153793], [3000, 2.134244], [3500, 2.118293], [4000, 2.103757], [4500, 2.090486], [5000, 2.078369], [5500, 2.065877], [6000, 2.054799], [6500, 2.043846], [7000, 2.03402], [7500, 2.024012], [8000, 2.014569], [8500, 2.005165], [9000, 1.996476], [9500, 1.987447], [10000, 1.978778], [10500, 1.970387], [11000, 1.962158], [11500, 1.953993], [12000, 1.946038]], "B": [[500, 6.803613], [1000, 4.898388], [1500, 2.44477], [2000, 1.184691], [2500, 1.148725], [3000, 1.121508], [3500, 1.098986], [4000, 1.079375], [4500, 1.059043], [5000, 1.036603], [5500, 1.015326], [6000, 0.99836], [6500, 0.983504], [7000, 0.969462], [7500, 0.956476], [8000, 0.944428], [8500, 0.931614], [9000, 0.919319], [9500, 0.907799], [10000, 0.896595], [10500, 0.884684], [11000, 0.873789], [11500, 0.862808], [12000, 0.852794]], "C": [[500, 6.088291], [1000, 5.064472], [1500, 4.575746], [2000, 3.397934], [2500, 2.574184], [3000, 2.42816], [3500, 2.389771], [4000, 2.355453], [4500, 2.325956], [5000, 2.298748], [5500, 2.275143], [6000, 2.25334], [6500, 2.233689], [7000, 2.21644], [7500, 2.199372], [8000, 2.182382], [8500, 2.16855], [9000, 2.155894], [9500, 2.144336], [10000, 2.133814], [10500, 2.124341], [11000, 2.115122], [11500, 2.10681], [12000, 2.099319]]}