{
 "raw": {
  "ladder": {
   "1e-08": {
    "tstar": 0.0775,
    "n_active0": 5.148148148148148,
    "nff0": 0.9854966447761143
   },
   "1e-03": {
    "tstar": 1.4425000000000001,
    "n_active0": 5.140085663895188,
    "nff0": 0.985501086611197
   },
   "1e-02": {
    "tstar": 1.9375,
    "n_active0": 5.123204837490552,
    "nff0": 0.9855163352778576
   },
   "3e-02": {
    "tstar": 2.82,
    "n_active0": 5.09750566893424,
    "nff0": 0.9855282884522564
   },
   "1e-01": {
    "tstar": 3.4125,
    "n_active0": 5.050894431846813,
    "nff0": 0.9860894483786607
   }
  },
  "all_blow_up": true,
  "plateau": false
 },
 "recipe": {
  "ladder": {
   "1e-08": {
    "tstar": 0.0225,
    "n_active0": 5.687578735197783,
    "nff0": 0.9999977075345909
   },
   "1e-03": {
    "tstar": 0.3225,
    "n_active0": 5.219954648526077,
    "nff0": 0.9999977570128878
   },
   "1e-02": {
    "tstar": 0.5125,
    "n_active0": 5.08692365835223,
    "nff0": 0.9999979100091475
   },
   "3e-02": {
    "tstar": 1.445,
    "n_active0": 5.035273368606702,
    "nff0": 0.999997970581279
   },
   "1e-01": {
    "tstar": 7.205,
    "n_active0": 5.0100781053162,
    "nff0": 0.9999979712087042
   }
  },
  "all_blow_up": true,
  "plateau": false
 },
 "remnant_unwound": {
  "ladder": {
   "1e-08": {
    "tstar": 0.02,
    "n_active0": 6.314688838498363,
    "nff0": 0.9999998031699229
   },
   "1e-03": {
    "tstar": 0.16,
    "n_active0": 5.129251700680272,
    "nff0": 0.9999999717223798
   },
   "1e-02": {
    "tstar": 0.935,
    "n_active0": 5.016628873771731,
    "nff0": 0.9999999717223798
   },
   "3e-02": {
    "tstar": 1.9925,
    "n_active0": 5.00655076845553,
    "nff0": 0.9999999717223798
   },
   "1e-01": {
    "tstar": null,
    "n_active0": 5.0,
    "nff0": 0.9999999717223798
   }
  },
  "all_blow_up": false,
  "plateau": false
 }
}