{
 "n": 32,
 "delta": 0.3,
 "bc": "pinned",
 "iters": 800,
 "ret_seed": 1.0,
 "ret_end": 0.8584111388039185,
 "ret_per_eig_end": [
  0.8541633477212643,
  0.8261553204920077,
  0.8949147481984837
 ],
 "E_seed": 15.756899330830358,
 "E_end": 5.002576889182353,
 "u_over_3v_end": 1.6380550441086927,
 "core_end": {
  "core_lams": [
   0.3741813594885694,
   0.5665746824768926,
   0.7582774968038433
  ],
  "core_spread": 0.38409613731527387,
  "axis_lams": [
   0.3864322900840085,
   0.5739619095901017,
   0.747270111140389
  ]
 },
 "stop": "max_iter",
 "wall_s": 33.7688250541687
}