{
 "ok": true,
 "detail": {
  "1e-08": {
   "tstar_per_dt": {
    "0.005": 0.1,
    "0.0025": 0.0775,
    "0.00125": 0.07
   },
   "dt_robust": true
  },
  "1e-02": {
   "tstar_per_dt": {
    "0.005": 1.96,
    "0.0025": 1.9375,
    "0.00125": 1.9312500000000001
   },
   "dt_robust": true
  }
 }
}