{
 "gates": {
  "g0_rand_relerr_max": 1.2254700108192247e-15,
  "g0_seed_relerr_max": 5.203198615952773e-14,
  "g1_so3_relerr": 7.573327368796891e-16,
  "g1_negctrl_relshift": 0.04039952457362521,
  "g2_vac_E": 0.0,
  "g3_far_lams_A": [
   1.332994179908477e-07,
   0.3000000410151855,
   0.9999998256853874
  ],
  "g3_axis_center_A": {
   "core_lams": [
    0.35346818268701413,
    0.40875944082677407,
    0.5377723764862121
   ],
   "core_spread": 0.184304193799198,
   "axis_lams": [
    0.006136031486296923,
    0.3018880096880914,
    0.9919759588256114
   ]
  },
  "g3_far_lams_B": [
   1.3329941799139014e-07,
   0.3000000410151855,
   0.9999998256853874
  ],
  "g3_axis_center_B": {
   "core_lams": [
    0.35346818268701413,
    0.40875944082677357,
    0.5377723764862121
   ],
   "core_spread": 0.184304193799198,
   "axis_lams": [
    0.006136031486296931,
    0.30188800968809143,
    0.9919759588256113
   ]
  },
  "g3_far_lams_C": [
   1.3329941798978133e-07,
   0.3000000410151855,
   0.9999998256853874
  ],
  "g3_axis_center_C": {
   "core_lams": [
    0.353468182687014,
    0.4087594408267738,
    0.537772376486212
   ],
   "core_spread": 0.184304193799198,
   "axis_lams": [
    0.006136031486296935,
    0.30188800968809143,
    0.9919759588256113
   ]
  },
  "g0_pass": true,
  "g1_pass": true,
  "g2_pass": true
 }
}