{
 "start": {
  "kin0": 0.296955480141499,
  "J": 0.296955480141499,
  "om_target": 0.5,
  "E_u0": 4.877203465084671,
  "E_v0": 1.9189264815853249,
  "spec_core0": [
   0.025792406253663233,
   0.28277246618294005,
   0.9934593523364461,
   8.000012397766113
  ],
  "twist0": {
   "b": -5.617333549722722e-14,
   "d": 0.1706639410352897,
   "k_star": 1.6457294715118455e-13
  }
 },
 "hist": [
  {
   "iter": 300,
   "kin": 0.296955480141499,
   "omega_star": 0.5,
   "E_rot": 0.07423887003537474,
   "E_u": 4.878324001116038,
   "E_v": 1.9042502727338102,
   "fire_stop": "max_iter"
  },
  {
   "iter": 600,
   "kin": 0.29753244001591633,
   "omega_star": 0.499030425263231,
   "E_rot": 0.0740949097696296,
   "E_u": 4.879517363989905,
   "E_v": 1.8888600127786186,
   "fire_stop": "max_iter"
  },
  {
   "iter": 900,
   "kin": 0.29813480002556686,
   "omega_star": 0.4980221700318669,
   "E_rot": 0.07394520631146213,
   "E_u": 4.880704108992906,
   "E_v": 1.873750631907863,
   "fire_stop": "max_iter"
  },
  {
   "iter": 1200,
   "kin": 0.2987233249930381,
   "omega_star": 0.4970409996414235,
   "E_rot": 0.07379952434926478,
   "E_u": 4.881889050836575,
   "E_v": 1.8588340260748164,
   "fire_stop": "max_iter"
  }
 ],
 "stop": "maxit",
 "final": {
  "kin_final": 0.29930210894602166,
  "omega_star_final": 0.4960798324930181,
  "E_u": 4.881889050836575,
  "E_v": 1.8588340260748164,
  "spec_core": [
   0.025723740904481783,
   0.28294898618110387,
   0.9937233383101545,
   8.000011896509408
  ],
  "twist": {
   "b": 0.0,
   "d": 0.1721223828405075,
   "k_star": -0.0
  },
  "rel_move_from_start": 0.00011854491208465275
 }
}