{
 "N1_factorization": {
  "samples": 4000,
  "worst_rel": 1.1771868814335383e-12,
  "factored_ok": true,
  "sign_law": "g>1: coeff>0 iff d<0 or d>2g/(g-1)"
 },
 "N2_sign_map_negdelta": {
  "gs": [
   1.5,
   3.0,
   8.0,
   30.0,
   1000.0,
   10000000000.0
  ],
  "dls": [
   -3.0,
   -1.9,
   -1.0,
   -0.3,
   -0.05,
   -0.001,
   -1e-10,
   1e-10,
   0.3
  ],
  "sign": [
   [
    1.0,
    1.0,
    1.0,
    1.0,
    1.0,
    1.0,
    1.0,
    -1.0,
    -1.0
   ],
   [
    1.0,
    1.0,
    1.0,
    1.0,
    1.0,
    1.0,
    1.0,
    -1.0,
    -1.0
   ],
   [
    1.0,
    1.0,
    1.0,
    1.0,
    1.0,
    1.0,
    1.0,
    -1.0,
    -1.0
   ],
   [
    1.0,
    1.0,
    1.0,
    1.0,
    1.0,
    1.0,
    1.0,
    -1.0,
    -1.0
   ],
   [
    1.0,
    1.0,
    1.0,
    1.0,
    1.0,
    1.0,
    1.0,
    -1.0,
    -1.0
   ],
   [
    1.0,
    1.0,
    1.0,
    1.0,
    1.0,
    1.0,
    1.0,
    -1.0,
    -1.0
   ]
  ],
  "all_neg_delta_positive": true
 },
 "N3_pipeline_probes": [
  {
   "g": 8.0,
   "dl": -0.3,
   "m_used": -0.12565721414045308,
   "dE_dom2_pipeline": 0.5522427721761849,
   "om2_coeff_formula": 0.5585142857142856,
   "same_sign": true,
   "positive": true
  },
  {
   "g": 8.0,
   "dl": -0.05,
   "m_used": -0.12565721414045308,
   "dE_dom2_pipeline": 0.0023094867314125732,
   "om2_coeff_formula": 0.002335714285714286,
   "same_sign": true,
   "positive": true
  },
  {
   "g": 3.0,
   "dl": -0.3,
   "m_used": -0.34657359027997264,
   "dE_dom2_pipeline": 0.7047960241503909,
   "om2_coeff_formula": 0.7127999999999999,
   "same_sign": true,
   "positive": true
  },
  {
   "g": 100.0,
   "dl": -0.001,
   "m_used": -0.010000333353334718,
   "dE_dom2_pipeline": 1.598804894566053e-08,
   "om2_coeff_formula": 1.616961616161616e-08,
   "same_sign": true,
   "positive": true
  }
 ],
 "N4_linearity_omstar0": {
  "formula": {
   "g": 8.0,
   "dl": -0.3,
   "linear_in_om2_resid": 2.3008149231791593e-16,
   "argmin_om": 0.0,
   "hm_at_0": 0.6611510204081633,
   "his_fin_formula": 0.6611510204081633,
   "slope_positive": true
  },
  "pipeline": {
   "oms": [
    0.0,
    0.049999999999999996,
    0.09999999999999999,
    0.15,
    0.19999999999999998,
    0.24999999999999997,
    0.3,
    0.35,
    0.39999999999999997,
    0.44999999999999996,
    0.49999999999999994,
    0.5499999999999999,
    0.6
   ],
   "E": [
    0.5502061498648072,
    0.8159091983640819,
    0.8200510191588612,
    0.8269540538189073,
    0.8366183023337603,
    0.8490437647118326,
    0.8642304409423385,
    0.8821783310459625,
    0.9028874350000446,
    0.9263577528174889,
    0.9525892845042507,
    0.981582030047262,
    1.013335989467142
   ],
   "linear_in_om2_resid_pos": 8.968460342315011e-12,
   "argmin_om_pos": 0.049999999999999996,
   "slope": 0.5522427722763334,
   "slope_positive": true,
   "intercept_fit": 0.814528591438574,
   "E_at_0_snapshot": 0.5502061498648072,
   "snapshot_offset": -0.26432244157376683
  }
 },
 "N5_physical_corner": [
  {
   "g": 10000000000.0,
   "dl": -1e-10,
   "om2_coeff_transcribed": 1.60000000024e-29,
   "om2_coeff_factored": 1.6000000002400002e-29,
   "sign": 1.0
  },
  {
   "g": 10000000000.0,
   "dl": 1e-10,
   "om2_coeff_transcribed": -1.6000000000800003e-29,
   "om2_coeff_factored": -1.6000000000800003e-29,
   "sign": -1.0
  }
 ],
 "N6_mstar_negdelta": [
  {
   "g": 8.0,
   "dl": -0.0001,
   "m_min_num": -0.12312388633422496,
   "m_star_abs": 0.12565721414045308,
   "interior_min": true
  },
  {
   "g": 8.0,
   "dl": -0.3,
   "m_min_num": -0.1486170209765923,
   "m_star_abs": 0.12565721414045308,
   "interior_min": true
  }
 ],
 "N7_shift_invariance": [
  {
   "m": 0.0,
   "c": -0.6785731206324015,
   "H0": 0.04084042789299369,
   "rel_shift_change": 5.295183683574294e-12
  },
  {
   "m": 0.0,
   "c": -1.36083762822493,
   "H0": 0.03459293347349025,
   "rel_shift_change": 4.275833557318291e-11
  },
  {
   "m": 0.0,
   "c": 1.1117778274321348,
   "H0": 0.06301774304758126,
   "rel_shift_change": 3.763124900885124e-12
  },
  {
   "m": 0.0,
   "c": 1.341829774664395,
   "H0": 0.36592255632418724,
   "rel_shift_change": 3.317811824212212e-11
  },
  {
   "m": 0.001270847286986232,
   "c": 0.8814695907757528,
   "H0": 0.0894782988871194,
   "rel_shift_change": 7.510091779619473e-05
  },
  {
   "m": -0.08160260401461973,
   "c": -0.93476132609561,
   "H0": 0.18829408974160333,
   "rel_shift_change": 0.4102263682324696
  },
  {
   "m": 0.1108921415709728,
   "c": 0.27815099956835354,
   "H0": 0.05923022889514092,
   "rel_shift_change": 0.34743845444085864
  },
  {
   "m": 0.012846553527960424,
   "c": -1.6571926329382287,
   "H0": 0.1679000816983812,
   "rel_shift_change": 0.01003140597945663
  },
  {
   "worst_rel_undressed_m0": 4.275833557318291e-11,
   "worst_rel_boosted": 0.4102263682324696,
   "invariant_undressed": true,
   "broken_by_boost": true
  }
 ],
 "N8_cone_channel": {
  "g": 8.0,
  "dl": -0.3,
  "E_at_Delta": {
   "0.4": 1.1009471878659454,
   "0.2": 1.3393166236184166,
   "0.1": 1.544209968176653,
   "0.05": 1.7406159693389178
  },
  "log_slope_last": 0.2833539638776314,
  "still_negatively_divergent": false
 }
}