{
 "adj_fwd": 1.278869474980402e-15,
 "adj_bwd": 5.643376627223082e-16,
 "adj_2h": 7.980288311643916e-16,
 "g0_T1_sym_e0.0": 3.692201357383826e-15,
 "g0_T1_sym_e0.01": 3.4155598768341125e-16,
 "g0_T1_fwd_e0.0": 7.198829189347588e-16,
 "g0_T1_fwd_e0.01": 9.003515985471113e-16,
 "g0_T1_2h_e0.0": 2.078528150211788e-16,
 "g0_T1_2h_e0.01": 1.7614416414246524e-15,
 "g0_T2_sym_e0.0": 3.007897396304813e-10,
 "g0_T2_sym_e0.01": 3.4548013515975134e-10,
 "g0_T2_fwd_e0.0": 6.193999217315949e-10,
 "g0_T2_fwd_e0.01": 1.6638903445545565e-10,
 "g0_T2_2h_e0.0": 3.360369605278696e-10,
 "g0_T2_2h_e0.01": 2.609259145270624e-09,
 "g0_T3_sym_e0.0": 2.3603772917826525e-15,
 "g0_T3_sym_e0.01": 2.242877707916764e-15,
 "g0_T3_fwd_e0.0": 2.270121130410241e-15,
 "g0_T3_fwd_e0.01": 3.7368223190024886e-16,
 "g0_T3_2h_e0.0": 3.834776608081508e-16,
 "g0_T3_2h_e0.01": 5.1584047414270055e-14,
 "g1_T1_so3": 1.7878482759132615e-15,
 "g1_T1_negctrl": 0.2443178353695869,
 "g1_T2_so3": 4.90624617155022e-16,
 "g1_T2_negctrl": 0.4328087999829857,
 "g1_T3_so3": 0.0,
 "g1_T3_negctrl": 0.7295986730050624,
 "g2_T1_vacE": 0.0,
 "g2_T2_vacE": 0.0,
 "g2_T3_vacE": 1.6654854506311817e-30,
 "g3_far_A_n32": [
  1.2372197404647735e-07,
  0.300000038068306,
  0.999999838209724
 ],
 "g3_far_A_n48": [
  1.332994179922496e-07,
  0.3000000410151855,
  0.9999998256853874
 ],
 "g0_pass": true,
 "adj_pass": true,
 "g1_pass": true,
 "g2_pass": true
}