{
 "seed": "B",
 "n": 48,
 "delta": 0.3,
 "bc": "pinned",
 "E_end": 17.369839657134985,
 "E_u": 16.83282078512419,
 "E_v": 0.5370188720107949,
 "u_over_3v": 10.448311137928268,
 "r_half": 19.04599695474091,
 "retention": {
  "per_eig": [
   0.7548287745075274,
   0.6713999367031818,
   0.7816010985849189
  ],
  "mean": 0.7359432699318761
 },
 "core": {
  "core_lams": [
   -0.034821249176710346,
   0.5173061184020699,
   0.9114005333439106
  ],
  "core_spread": 0.946221782520621,
  "axis_lams": [
   -0.12512268308942423,
   0.38129827726181026,
   0.9835735059189764
  ]
 },
 "overlap_end": {
  "r": [
   0.8055840474786496,
   2.416752142435949,
   4.027920237393248,
   5.639088332350548,
   7.250256427307846,
   8.861424522265146,
   10.472592617222446,
   12.083760712179744,
   13.694928807137044,
   15.306096902094342,
   16.917264997051642,
   18.528433092008942,
   20.139601186966242,
   21.75076928192354,
   23.36193737688084,
   24.97310547183814,
   26.58427356679544,
   28.19544166175274,
   29.80660975671004,
   31.417777851667335,
   33.02894594662463,
   34.64011404158194,
   36.25128213653923,
   37.86245023149654
  ],
  "O": [
   [
    [
     0.7329979462862216,
     0.00020051854597600652,
     0.2668015351678029
    ],
    [
     0.2665338218269927,
     0.0003392700186920911,
     0.7331269081543151
    ],
    [
     0.00046823188678613096,
     0.9994602114353319,
     7.155667788195756e-05
    ]
   ],
   [
    [
     0.22901218209191554,
     0.6578080661366432,
     0.11317975177144121
    ],
    [
     0.3998712325680681,
     0.10896563826712297,
     0.49116312916480886
    ],
    [
     0.37111658534001624,
     0.23322629559623387,
     0.3956571190637499
    ]
   ],
   [
    [
     0.13350700688619116,
     0.7875875517883152,
     0.0789054413254934
    ],
    [
     0.5470589740225078,
     0.09410495774666833,
     0.35883606823082387
    ],
    [
     0.3194340190913011,
     0.11830749046501625,
     0.5622584904436827
    ]
   ],
   [
    [
     0.13794699489717685,
     0.7972766763923163,
     0.06477632871050684
    ],
    [
     0.5500927871641316,
     0.10221833641971625,
     0.34768887641615215
    ],
    [
     0.31196021793869155,
     0.10050498718796741,
     0.5875347948733409
    ]
   ],
   [
    [
     0.18764834793548704,
     0.7406223153496978,
     0.07172933671481509
    ],
    [
     0.565163311325727,
     0.1532800280089023,
     0.2815566606653709
    ],
    [
     0.24718834073878618,
     0.10609765664139983,
     0.6467140026198139
    ]
   ],
   [
    [
     0.20243059804395738,
     0.7333711105234969,
     0.06419829143254568
    ],
    [
     0.6043871041370318,
     0.1750315244187257,
     0.22058137144424264
    ],
    [
     0.1931822978190109,
     0.09159736505777742,
     0.7152203371232115
    ]
   ],
   [
    [
     0.22822409972434124,
     0.7133362822883417,
     0.058439617987317026
    ],
    [
     0.5943657097625699,
     0.20554389002292953,
     0.2000904002145007
    ],
    [
     0.17741019051308893,
     0.08111982768872877,
     0.7414699817981824
    ]
   ],
   [
    [
     0.18986946756921558,
     0.7518739242591573,
     0.05825660817162704
    ],
    [
     0.6560918058126944,
     0.18086987619061556,
     0.16303831799668994
    ],
    [
     0.15403872661808996,
     0.06725619955022705,
     0.778705073831683
    ]
   ],
   [
    [
     0.18232595077011338,
     0.7595610131899668,
     0.05811303603991982
    ],
    [
     0.6920063311764683,
     0.16178950866816127,
     0.1462041601553705
    ],
    [
     0.12566771805341836,
     0.07864947814187197,
     0.7956828038047096
    ]
   ],
   [
    [
     0.1608920859580448,
     0.7848724683020826,
     0.05423544573987258
    ],
    [
     0.7303510481916017,
     0.14307895158232897,
     0.12657000022606943
    ],
    [
     0.10875686585035357,
     0.07204858011558841,
     0.819194554034058
    ]
   ],
   [
    [
     0.16011106025483227,
     0.7898540598899667,
     0.05003487985520114
    ],
    [
     0.7493575716165112,
     0.14345587997842554,
     0.10718654840506332
    ],
    [
     0.09053136812865656,
     0.06669006013160789,
     0.8427785717397355
    ]
   ],
   [
    [
     0.16280515974656876,
     0.7944839866616715,
     0.042710853591759586
    ],
    [
     0.7605035574726049,
     0.1488967933918998,
     0.09059964913549537
    ],
    [
     0.0766912827808264,
     0.056619219946428566,
     0.866689497272745
    ]
   ],
   [
    [
     0.1597215133833497,
     0.8005859424463723,
     0.03969254417027797
    ],
    [
     0.7714393318904629,
     0.15029208095982352,
     0.07826858714971362
    ],
    [
     0.06883915472618748,
     0.04912197659380412,
     0.8820388686800084
    ]
   ],
   [
    [
     0.15436792589524181,
     0.813731823807193,
     0.03190025029756516
    ],
    [
     0.7902939286242358,
     0.14526629483951176,
     0.06443977653625252
    ],
    [
     0.05533814548052241,
     0.04100188135329524,
     0.9036599731661823
    ]
   ],
   [
    [
     0.11326073451236529,
     0.860112618130199,
     0.026626647357435747
    ],
    [
     0.8474880661480105,
     0.11224299030594823,
     0.040268943546041366
    ],
    [
     0.039251199339624274,
     0.02764439156385284,
     0.933104409096523
    ]
   ],
   [
    [
     0.09485057997949886,
     0.884743147982331,
     0.020406272038170182
    ],
    [
     0.8735171865898728,
     0.09590730023115808,
     0.030575513178969276
    ],
    [
     0.0316322334306285,
     0.019349551786510953,
     0.9490182147828605
    ]
   ],
   [
    [
     0.08088944156292376,
     0.9019806408695078,
     0.017129917567568632
    ],
    [
     0.8939753704473143,
     0.08438490053289202,
     0.021639729019793667
    ],
    [
     0.025135187989761932,
     0.013634458597600367,
     0.9612303534126376
    ]
   ],
   [
    [
     0.06656214575349849,
     0.9202964366440589,
     0.013141417602442553
    ],
    [
     0.9115532956683945,
     0.06775195023068681,
     0.020694754100918727
    ],
    [
     0.021884558578107047,
     0.011951613125254243,
     0.9661638282966387
    ]
   ],
   [
    [
     0.054361916880250556,
     0.9372227565037802,
     0.008415326615969181
    ],
    [
     0.9298745414873021,
     0.052699393727795994,
     0.01742606478490187
    ],
    [
     0.01576354163244732,
     0.01007784976842374,
     0.9741586085991288
    ]
   ],
   [
    [
     0.027913903690853885,
     0.9679637082556525,
     0.004122388053493593
    ],
    [
     0.9618432558153903,
     0.02908602015867308,
     0.009070724025936639
    ],
    [
     0.010242840493755824,
     0.002950271585674408,
     0.9868068879205697
    ]
   ],
   [
    [
     0.018179078166707465,
     0.9801298969062096,
     0.0016910249270829071
    ],
    [
     0.9764409510407585,
     0.01821807073924697,
     0.005340978219994497
    ],
    [
     0.005379970792534002,
     0.0016520323545434028,
     0.9929679968529226
    ]
   ],
   [
    [
     0.013772644277039224,
     0.9850993519828725,
     0.001128003740088526
    ],
    [
     0.983488942332412,
     0.013149862493296822,
     0.0033611951742912403
    ],
    [
     0.0027384133905488397,
     0.0017507855238309273,
     0.9955108010856202
    ]
   ],
   [
    [
     0.0018269395711606432,
     0.9973586491159926,
     0.0008144113128467668
    ],
    [
     0.9964497166769618,
     0.0019333016306422985,
     0.0016169816923958598
    ],
    [
     0.001723343751877511,
     0.0007080492533651125,
     0.9975686069947576
    ]
   ],
   [
    [
     9.887718007319817e-05,
     0.9998884133967066,
     1.2709423220042157e-05
    ],
    [
     0.9994721789054936,
     0.00010030993250944297,
     0.0004275111619969254
    ],
    [
     0.00042894391443316937,
     1.1276670783797421e-05,
     0.9995597794147831
    ]
   ]
  ],