{
 "per_dt": {
  "0.02": {
   "maxdev_rel": 2.2851352094084916e-07,
   "wall_s": 39.4,
   "finite": true
  },
  "0.01": {
   "maxdev_rel": 5.833028579948159e-08,
   "wall_s": 79.1,
   "finite": true
  },
  "0.005": {
   "maxdev_rel": 1.4373587963627285e-08,
   "wall_s": 157.1,
   "finite": true
  }
 },
 "ratios": [
  3.917579312510073,
  4.058157639351275
 ],
 "dt_production": 0.02,
 "ok": true
}