{
 "task": "M5.21.1",
 "phase": "P4",
 "grid": [
  64,
  128,
  1.0
 ],
 "iters": 4000,
 "sign": "+1",
 "physical_regime_note": "delta ~ 1e-10, g ~ 1e10 (his 2026-07-15 scales; paper anchors delta^2 ~ hbar c, g^4 ~ 1e38); toy regime here, extrapolation by the fitted slopes only where extrapolates = true",
 "delta_ladder_g8": [
  {
   "g": 8.0,
   "delta": 0.1,
   "E_total": 15.972994259980966,
   "r50": 9.0,
   "r90": 29.0,
   "r_half": 5.0,
   "q": 0.9710400324525069,
   "core_a": 0.3727481514555593,
   "core_spread": 0.1706285027335263,
   "a_pred": 0.3666666666666667,
   "axis_split_mid": 0.08961097229578915,
   "w_twist0_true": 0.32874107026523036,
   "T2_twist_positive": true,
   "vac_ladder_max_omega": 78.27727635885583,
   "fire_tail": {
    "it": 4000,
    "E": 15.972994259980966,
    "fmax": 0.033726189531714024,
    "dt": 0.013514358038384135
   }
  },
  {
   "g": 8.0,
   "delta": 0.2,
   "E_total": 14.064716315767443,
   "r50": 9.0,
   "r90": 30.0,
   "r_half": 5.0,
   "q": 0.9688591048569904,
   "core_a": 0.4064362634899183,
   "core_spread": 0.16890393104835255,
   "a_pred": 0.39999999999999997,
   "axis_split_mid": 0.18772030039522825,
   "w_twist0_true": 0.36639969157069185,
   "T2_twist_positive": true,
   "vac_ladder_max_omega": 78.27727637827236,
   "fire_tail": {
    "it": 4000,
    "E": 14.064716315767443,
    "fmax": 0.01326102954042775,
    "dt": 0.0067571790191920675
   }
  },
  {
   "g": 8.0,
   "delta": 0.3,
   "E_total": 13.083168000091181,
   "r50": 10.0,
   "r90": 32.0,
   "r_half": 5.0,
   "q": 0.976447959755572,
   "core_a": 0.4401514867829564,
   "core_spread": 0.18107656149136303,
   "a_pred": 0.43333333333333335,
   "axis_split_mid": 0.2836522206876416,
   "w_twist0_true": 0.41925240170530603,
   "T2_twist_positive": true,
   "vac_ladder_max_omega": 78.27727653398227,
   "fire_tail": {
    "it": 4000,
    "E": 13.083168000091181,
    "fmax": 0.02666351293555097,
    "dt": 0.0067571790191920675
   }
  },
  {
   "g": 8.0,
   "delta": 0.4,
   "E_total": 12.992255095285199,
   "r50": 11.0,
   "r90": 34.0,
   "r_half": 5.0,
   "q": 0.9864449029772359,
   "core_a": 0.47389071372475694,
   "core_spread": 0.2015115365862334,
   "a_pred": 0.4666666666666666,
   "axis_split_mid": 0.37887148116176517,
   "w_twist0_true": 0.446575307751433,
   "T2_twist_positive": true,
   "vac_ladder_max_omega": 78.27727722642462,
   "fire_tail": {
    "it": 4000,
    "E": 12.992255095285199,
    "fmax": 0.03384855572920559,
    "dt": 0.0067571790191920675
   }
  },
  {
   "g": 8.0,
   "delta": 0.5,
   "E_total": 13.708692364381978,
   "r50": 12.0,
   "r90": 36.0,
   "r_half": 5.0,
   "q": 0.991485069373233,
   "core_a": 0.5078561888236417,
   "core_spread": 0.2312988233874972,
   "a_pred": 0.5,
   "axis_split_mid": 0.4736923941630953,
   "w_twist0_true": 0.44739710803707144,
   "T2_twist_positive": true,
   "vac_ladder_max_omega": 78.27727942768581,
   "fire_tail": {
    "it": 4000,
    "E": 13.708692364381978,
    "fmax": 0.030021833788728414,
    "dt": 0.0067571790191920675
   }
  }
 ],
 "g_ladder_d0p3": [
  {
   "g": 4.0,
   "delta": 0.3,
   "E_total": 6.063365932104004,
   "r50": 16.0,
   "r90": 41.0,
   "r_half": 11.0,
   "q": 1.0,
   "core_a": 0.5186718858655801,
   "core_spread": 0.5657926278793328,
   "a_pred": 0.43333333333333335,
   "axis_split_mid": 0.2704541930119055,
   "w_twist0_true": 0.5297124206570155,
   "T2_twist_positive": true,
   "vac_ladder_max_omega": 9.91764476838959,
   "fire_tail": {
    "it": 4000,
    "E": 6.063365932104004,
    "fmax": 0.019595794147683004,
    "dt": 0.1
   }
  },
  {
   "g": 8.0,
   "delta": 0.3,
   "E_total": 13.083168000091181,
   "r50": 10.0,
   "r90": 32.0,
   "r_half": 5.0,
   "q": 0.976447959755572,
   "core_a": 0.4401514867829564,
   "core_spread": 0.18107656149136303,
   "a_pred": 0.43333333333333335,
   "axis_split_mid": 0.2836522206876416,
   "w_twist0_true": 0.41925240170530603,
   "T2_twist_positive": true,
   "vac_ladder_max_omega": 78.27727653398227,
   "fire_tail": {
    "it": 4000,
    "E": 13.083168000091181,
    "fmax": 0.02666351293555097,
    "dt": 0.0067571790191920675
   }
  },
  {
   "g": 16.0,
   "delta": 0.3,
   "E_total": 19.715227549424412,
   "r50": 8.0,
   "r90": 27.0,
   "r_half": 4.0,
   "q": 0.9715882325776316,
   "core_a": 0.4334470453066091,
   "core_spread": 0.033063941405105046,
   "a_pred": 0.43333333333333335,
   "axis_split_mid": 0.29855171368679045,
   "w_twist0_true": 0.49821087988135837,
   "T2_twist_positive": true,
   "vac_ladder_max_omega": 624.1497919604685,
   "fire_tail": {
    "it": 4000,
    "E": 19.715227549424412,
    "fmax": 0.2217846106792641,
    "dt": 0.001733750635018306
   }
  },
  {
   "g": 32.0,
   "delta": 0.3,
   "E_total": 20.509721322838594,
   "r50": 8.0,
   "r90": 27.0,
   "r_half": 4.0,
   "q": 0.9666129221638302,
   "core_a": 0.43333533196989066,
   "core_spread": 0.030799705052097393,
   "a_pred": 0.43333333333333335,
   "axis_split_mid": 0.29997428849506774,
   "w_twist0_true": 0.5312531298425138,
   "T2_twist_positive": true,
   "vac_ladder_max_omega": 4989.082331949253,
   "fire_tail": {
    "it": 4000,
    "E": 20.509721322838594,
    "fmax": 0.3378405339952448,
    "dt": 0.00010110093333491886
   }
  }
 ],
 "corners": [
  {
   "g": 16.0,
   "delta": 0.1,
   "E_total": 21.896155290294523,
   "r50": 7.0,
   "r90": 24.0,
   "r_half": 4.0,
   "q": 0.9674617663119383,
   "core_a": 0.3667669064491476,
   "core_spread": 0.03351780809587185,
   "a_pred": 0.3666666666666667,
   "axis_split_mid": 0.09963922168486378,
   "w_twist0_true": 0.3915239174555447,
   "T2_twist_positive": true,
   "vac_ladder_max_omega": 624.1497919433118,
   "fire_tail": {
    "it": 4000,
    "E": 21.896155290294523,
    "fmax": 0.08679127918680582,
    "dt": 0.0014328517644779386
   }
  },
  {
   "g": 4.0,
   "delta": 0.5,
   "E_total": 5.267449024217952,
   "r50": 19.0,
   "r90": 46.0,
   "r_half": 14.0,
   "q": 0.4544749423650746,
   "core_a": 0.526517451581321,
   "core_spread": 0.9083740617976639,
   "a_pred": 0.5,
   "axis_split_mid": 0.4052911430089639,
   "w_twist0_true": 0.6111538826051829,
   "T2_twist_positive": true,
   "vac_ladder_max_omega": 9.91767465309582,
   "fire_tail": {
    "it": 4000,
    "E": 5.267449024217952,
    "fmax": 0.04446372995745196,
    "dt": 0.2
   }
  }
 ],
 "fits": {
  "vs_delta": {
   "E_total": {
    "slope": -0.113127821554849,
    "R2": 0.7418855884781921,
    "extrapolates": false,
    "n": 5
   },
   "r50": {
    "slope": 0.1785626263814866,
    "R2": 0.8094934192982611,
    "extrapolates": false,
    "n": 5
   },
   "r90": {
    "slope": 0.13252956802584787,
    "R2": 0.9049102502239499,
    "extrapolates": false,
    "n": 5
   },
   "r_half": {
    "slope": 1.4765050141269152e-16,
    "R2": -9.860761315262647e+268,
    "extrapolates": false,
    "n": 5
   },
   "core_spread": {
    "slope": 0.17378010980666847,
    "R2": 0.6988357292064546,
    "extrapolates": false,
    "n": 5
   },
   "axis_split_mid": {
    "slope": 1.0342723628575365,
    "R2": 0.9997759687497716,
    "extrapolates": true,
    "n": 5
   },
   "w_twist0_true": {
    "slope": 0.2091737198317581,
    "R2": 0.9678967333678252,
    "extrapolates": false,
    "n": 5
   },
   "vac_ladder_max_omega": {
    "slope": 1.8917886747965692e-08,
    "R2": 0.5218510978876256,
    "extrapolates": false,
    "n": 5
   }
  },
  "vs_g": {
   "E_total": {
    "slope": 0.5865949711485594,
    "R2": 0.8613393828130729,
    "extrapolates": false,
    "n": 4
   },
   "r50": {
    "slope": -0.3321928094887359,
    "R2": 0.827519371384326,
    "extrapolates": false,
    "n": 4
   },
   "r90": {
    "slope": -0.20531060052003725,
    "R2": 0.8651866312924977,
    "extrapolates": false,
    "n": 4
   },
   "r_half": {
    "slope": -0.4700222950799252,
    "R2": 0.7669440606694776,
    "extrapolates": false,
    "n": 4
   },
   "core_spread": {
    "slope": -1.505112401468199,
    "R2": 0.9119682545109804,
    "extrapolates": false,
    "n": 4
   },