{
 "seed_A_baseline": {
  "E_u_2h": 17.627694223723246,
  "E_u_fwd": 22.213572923982404,
  "sawtooth": 1.0168973623285031
 },
 "A_free": {
  "E_u_2h": 0.003931216566695938,
  "E_u_fwd": 6493.531159148142,
  "E_v_pointwise": 0.01989064741811088,
  "sawtooth": 2.066558974566928
 },
 "A_pinned": {
  "E_u_2h": 3.3500965151314226,
  "E_u_fwd": 35103.67793667151,
  "E_v_pointwise": 0.3717246070246135,
  "sawtooth": 3.5099946291628483
 },
 "B_pinned": {
  "E_u_2h": 16.83282092532928,
  "E_u_fwd": 67564.16787784721,
  "E_v_pointwise": 0.5370188688536295,
  "sawtooth": 3.002554117682926
 },
 "C_pinned": {
  "E_u_2h": 5.499958309410984,
  "E_u_fwd": 18146.246938606935,
  "E_v_pointwise": 0.10027088871882693,
  "sawtooth": 2.394347066217641
 }
}