{
 "n": 64,
 "delta": 0.03,
 "bc": "free",
 "iters": 800,
 "ret_seed": 1.0,
 "ret_end": 0.9687899200583825,
 "ret_per_eig_end": [
  0.9534462413624322,
  0.9552654920999724,
  0.9976580267127432
 ],
 "E_seed": 23.192127866745984,
 "E_end": 8.728577882850887,
 "u_over_3v_end": 0.7187950396896909,
 "core_end": {
  "core_lams": [
   0.3589669651315082,
   0.5389471438855212,
   0.6794180282444265
  ],
  "core_spread": 0.3204510631129183,
  "axis_lams": [
   0.3631451043175433,
   0.4816759364895306,
   0.7175785506849618
  ]
 },
 "stop": "max_iter",
 "wall_s": 273.4998850822449
}