{
 "steps": 400,
 "dt": 0.02,
 "E0": 6.740872651453961,
 "KE0": 0.06697924839643832,
 "E1": 6.049873194312887,
 "KE1": 0.7579775572243735,
 "etot_drift_rel": 1.6867481192184477e-07,
 "GL4a_pass": true,
 "j0": {
  "x": -0.016794806950732644,
  "y": 0.002852992433346912,
  "z": 0.00020980992617139802
 },
 "j1": {
  "x": -0.01763786548488245,
  "y": 0.002885849865096197,
  "z": 0.0002258029707240433
 }
}