{
 "g0_static": 1.5123118328337079e-15,
 "g0_kin": 1.2284208804160419e-15,
 "g1_so13": 3.040081825033414e-13,
 "g1_negctrl": 179793.42847598367,
 "g2_vac_s+1": [
  0.0,
  0.0
 ],
 "g2_vac_s-1": [
  0.0,
  0.0
 ],
 "g3_regression": 0.0,
 "pass": true
}