{
 "tags": [
  "t32_A",
  "t32_R4",
  "t32_R6"
 ],
 "rows": {
  "t32_A": {
   "stop": "f_tol",
   "maxit": 16000,
   "E_end_recorded": 4.767566808218357,
   "E_sym": 4.767566744686399,
   "E_fwd": 4.767566931047158,
   "E_2h": 4.4023438252680975,
   "spec_core": [
    0.05824492850533207,
    0.2777313854722039,
    0.9640236864791347
   ]
  },
  "t32_R4": {
   "stop": "f_tol",
   "maxit": 16000,
   "E_end_recorded": 4.766186392613573,
   "E_sym": 4.766186369846297,
   "E_fwd": 4.766186369837211,
   "E_2h": 4.402242341659052,
   "spec_core": [
    0.05657707337429466,
    0.2737462746906463,
    0.9696766503925301
   ]
  },
  "t32_R6": {
   "stop": "f_tol",
   "maxit": 16000,
   "E_end_recorded": 4.76576394697544,
   "E_sym": 4.765763933330432,
   "E_fwd": 4.765763933247541,
   "E_2h": 4.403157683578214,
   "spec_core": [
    0.05686419198329987,
    0.27342008249679955,
    0.9697157268303778
   ]
  }
 },
 "dist": {
  "t32_A__t32_R4": 0.011671453769984796,
  "t32_A__t32_R6": 0.02104484192434121,
  "t32_R4__t32_R6": 0.010887568407112842
 },
 "order_sym": {
  "order": [
   "t32_R6",
   "t32_R4",
   "t32_A"
  ],
  "rel_above_min": {
   "t32_A": 0.0003782838137152734,
   "t32_R4": 8.863983230690602e-05,
   "t32_R6": 0.0
  }
 },
 "order_fwd": {
  "order": [
   "t32_R6",
   "t32_R4",
   "t32_A"
  ],
  "rel_above_min": {
   "t32_A": 0.00037832293518327305,
   "t32_R4": 8.863984779493913e-05,
   "t32_R6": 0.0
  }
 },
 "order_2h": {
  "order": [
   "t32_R4",
   "t32_A",
   "t32_R6"
  ],
  "rel_above_min": {
   "t32_A": 2.3052708408350666e-05,
   "t32_R4": 0.0,
   "t32_R6": 0.0002079262903133286
  }
 }
}