{
 "ev": "A_free64",
 "thr": 0.09,
 "match_d": 6.0,
 "n_tracks": 10,
 "tracks": [
  {
   "t_first": 50.0,
   "t_last": 150.0,
   "n_snaps": 11,
   "size_first": 69,
   "size_last": 7,
   "xyz_first": [
    -0.2391304347826087,
    -0.2391304347826087,
    -16.442028985507246
   ],
   "xyz_last": [
    0.5,
    -0.5,
    -10.5
   ],
   "v": [
    0.007391304347826086,
    -0.002608695652173913,
    0.05942028985507246
   ],
   "speed": 0.05993502748333975,
   "dir": [
    0.12332194808587783,
    -0.04352539344207453,
    0.9914117395139199
   ],
   "r_first": 16.44550649539074,
   "r_last": 10.523782589924593,
   "departing": false,
   "ever_touches_edge_zone": true
  },
  {
   "t_first": 50.0,
   "t_last": 150.0,
   "n_snaps": 11,
   "size_first": 69,
   "size_last": 7,
   "xyz_first": [
    0.2391304347826087,
    0.2391304347826087,
    16.442028985507246
   ],
   "xyz_last": [
    -0.5,
    0.5,
    10.5
   ],
   "v": [
    -0.007391304347826086,
    0.002608695652173913,
    -0.05942028985507246
   ],
   "speed": 0.05993502748333975,
   "dir": [
    -0.12332194808587783,
    0.04352539344207453,
    -0.9914117395139199
   ],
   "r_first": 16.44550649539074,
   "r_last": 10.523782589924593,
   "departing": false,
   "ever_touches_edge_zone": true
  },
  {
   "t_first": 10.0,
   "t_last": 150.0,
   "n_snaps": 15,
   "size_first": 402,
   "size_last": 55,
   "xyz_first": [
    0.0,
    0.0,
    0.0
   ],
   "xyz_last": [
    -5.4818181818181815,
    5.4818181818181815,
    0.00909090909090909
   ],
   "v": [
    -0.03915584415584415,
    0.03915584415584415,
    6.493506493506494e-05
   ],
   "speed": 0.05537476392433802,
   "dir": [
    -0.7071062950145524,
    0.7071062950145524,
    0.0011726472554138515
   ],
   "r_first": 0.0,
   "r_last": 7.7524669494073235,
   "departing": true,
   "ever_touches_edge_zone": true
  },
  {
   "t_first": 90.0,
   "t_last": 140.0,
   "n_snaps": 4,
   "size_first": 22,
   "size_last": 3,
   "xyz_first": [
    -0.13636363636363635,
    -0.5909090909090909,
    -19.09090909090909
   ],
   "xyz_last": [
    0.16666666666666666,
    -0.16666666666666666,
    -20.166666666666668
   ],
   "v": [
    0.00606060606060606,
    0.008484848484848486,
    -0.021515151515151557
   ],
   "speed": 0.023908687633423523,
   "dir": [
    0.2534897002097907,
    0.3548855802937071,
    -0.899888435744759
   ],
   "r_first": 19.10053869691629,
   "r_last": 20.168044030098706,
   "departing": false,
   "ever_touches_edge_zone": true
  },
  {
   "t_first": 90.0,
   "t_last": 140.0,
   "n_snaps": 6,
   "size_first": 21,
   "size_last": 3,
   "xyz_first": [
    0.16666666666666666,
    0.6428571428571429,
    19.166666666666668
   ],
   "xyz_last": [
    -0.16666666666666666,
    0.16666666666666666,
    20.166666666666668
   ],
   "v": [
    -0.006666666666666666,
    -0.009523809523809525,
    0.02
   ],
   "speed": 0.02313325295522118,
   "dir": [
    -0.28818543935741636,
    -0.41169348479630913,
    0.8645563180722492
   ],
   "r_first": 19.178168687208156,
   "r_last": 20.168044030098706,
   "departing": false,
   "ever_touches_edge_zone": true
  },
  {
   "t_first": 50.0,
   "t_last": 150.0,
   "n_snaps": 11,
   "size_first": 89,
   "size_last": 56,
   "xyz_first": [
    3.9269662921348316,
    -3.9269662921348316,
    0.20786516853932585
   ],
   "xyz_last": [
    5.517857142857143,
    -5.517857142857143,
    -0.19642857142857142
   ],
   "v": [
    0.015908908507223117,
    -0.015908908507223117,
    -0.004042937399678973
   ],
   "speed": 0.022858960663164788,
   "dir": [
    0.6959593982266625,
    -0.6959593982266625,
    -0.17686444538109786
   ],
   "r_first": 5.557457732400514,
   "r_last": 7.805900273615636,
   "departing": true,
   "ever_touches_edge_zone": true
  },
  {
   "t_first": 10.0,
   "t_last": 150.0,
   "n_snaps": 14,
   "size_first": 7,
   "size_last": 10,
   "xyz_first": [
    -4.071428571428571,
    0.07142857142857142,
    18.928571428571427
   ],
   "xyz_last": [
    -5.5,
    0.5,
    18.3
   ],
   "v": [
    -0.010204081632653064,
    0.0030612244897959186,
    -0.004489795918367331
   ],
   "speed": 0.011560823704709013,
   "dir": [
    -0.8826431310856064,
    0.2647929393256819,
    -0.3883629776776654
   ],
   "r_first": 19.361623097756855,
   "r_last": 19.115177216023923,
   "departing": false,
   "ever_touches_edge_zone": true
  },
  {
   "t_first": 10.0,
   "t_last": 150.0,
   "n_snaps": 14,
   "size_first": 7,
   "size_last": 10,
   "xyz_first": [
    0.07142857142857142,
    -4.071428571428571,
    18.928571428571427
   ],
   "xyz_last": [
    0.5,
    -5.5,
    18.3
   ],
   "v": [
    0.0030612244897959186,
    -0.010204081632653064,
    -0.004489795918367331
   ],
   "speed": 0.011560823704709013,
   "dir": [
    0.2647929393256819,
    -0.8826431310856064,
    -0.3883629776776654
   ],
   "r_first": 19.361623097756855,
   "r_last": 19.115177216023923,
   "departing": false,
   "ever_touches_edge_zone": true
  },
  {
   "t_first": 10.0,
   "t_last": 150.0,
   "n_snaps": 14,
   "size_first": 7,
   "size_last": 10,
   "xyz_first": [
    -0.07142857142857142,
    4.071428571428571,
    -18.928571428571427
   ],
   "xyz_last": [
    -0.5,
    5.5,
    -18.3
   ],
   "v": [
    -0.0030612244897959186,
    0.010204081632653064,
    0.004489795918367331
   ],
   "speed": 0.011560823704709013,
   "dir": [
    -0.2647929393256819,
    0.8826431310856064,
    0.3883629776776654
   ],
   "r_first": 19.361623097756855,
   "r_last": 19.115177216023923,
   "departing": false,
   "ever_touches_edge_zone": true
  },
  {
   "t_first": 10.0,
   "t_last": 150.0,
   "n_snaps": 14,
   "size_first": 7,
   "size_last": 10,
   "xyz_first": [
    4.071428571428571,
    -0.07142857142857142,
    -18.928571428571427
   ],
   "xyz_last": [
    5.5,
    -0.5,
    -18.3
   ],
   "v": [
    0.010204081632653064,
    -0.0030612244897959186,
    0.004489795918367331
   ],
   "speed": 0.011560823704709013,
   "dir": [
    0.8826431310856064,
    -0.2647929393256819,
    0.3883629776776654
   ],
   "r_first": 19.361623097756855,
   "r_last": 19.115177216023923,
   "departing": false,
   "ever_touches_edge_zone": true
  }
 ]
}