{
 "tag": "p2_p1_s+1",
 "rows": {
  "clock_local": {
   "kin": 0.2946299579866355,
   "twist": {
    "b": 0.0,
    "d": 0.1688261104612215,
    "k_star": -0.0,
    "E_at_k": [
     4.8330044799702385,
     4.832953832137098,
     4.832936949526051,
     4.832953832137098,
     4.833004479970239
    ],
    "dE_at_kstar": 0.0
   }
  },
  "plane_1d": {
   "kin": 0.2694401886387086,
   "twist": {
    "b": -5.617333549722722e-14,
    "d": 0.20187113276095647,
    "k_star": 1.391316696175284e-13,
    "E_at_k": [
     4.833017697979158,
     4.832957136639328,
     4.832936949526051,
     4.832957136639328,
     4.833017697979158
    ],
    "dE_at_kstar": -3.9077449778574e-27
   }
  },
  "rot_z": {
   "kin": 0.25750939814530854,
   "twist": {
    "b": 0.0,
    "d": 0.20947892074043856,
    "k_star": -0.0,
    "E_at_k": [
     4.833020741094351,
     4.832957897418126,
     4.832936949526051,
     4.832957897418126,
     4.833020741094351
    ],
    "dE_at_kstar": 0.0
   }
  },
  "rot_x": {
   "kin": 0.2718441617780694,
   "twist": {
    "b": 0.0,
    "d": 0.1403603879579356,
    "k_star": -0.0,
    "E_at_k": [
     4.832993093681236,
     4.832950985564847,
     4.832936949526051,
     4.832950985564847,
     4.832993093681236
    ],
    "dE_at_kstar": 0.0
   }
  },
  "boost_z": {
   "kin": -0.08344602895705688,
   "twist": {
    "b": 0.0,
    "d": -0.029220520152397206,
    "k_star": 0.0,
    "E_at_k": [
     4.832925261317992,
     4.832934027474036,
     4.832936949526051,
     4.832934027474036,
     4.832925261317992
    ],
    "dE_at_kstar": 0.0
   }
  },
  "boost_x": {
   "kin": -0.0703888415620705,
   "twist": {
    "b": -5.617333549722722e-14,
    "d": -0.052742189814970614,
    "k_star": -5.325275239262316e-13,
    "E_at_k": [
     4.832915852650128,
     4.832931675307071,
     4.832936949526051,
     4.832931675307071,
     4.832915852650128
    ],
    "dE_at_kstar": 1.4956923631507954e-26
   }
  }
 },
 "min_kin": -0.08344602895705688,
 "argmin": "boost_z"
}