{
 "n": 48,
 "delta": 0.1,
 "bc": "pinned",
 "iters": 800,
 "ret_seed": 1.0,
 "ret_end": 0.9088431329429055,
 "ret_per_eig_end": [
  0.8805301681384549,
  0.8866957315549764,
  0.9593034991352852
 ],
 "E_seed": 19.846471649554672,
 "E_end": 7.017258700834141,
 "u_over_3v_end": 0.7917161404548233,
 "core_end": {
  "core_lams": [
   0.208603911701861,
   0.5349981514744956,
   0.7730327908264639
  ],
  "core_spread": 0.5644288791246029,
  "axis_lams": [
   0.26810051313173194,
   0.5485569502427824,
   0.7494193968382622
  ]
 },
 "stop": "max_iter",
 "wall_s": 114.42711210250854
}