{
 "n": 64,
 "delta": 0.1,
 "bc": "pinned",
 "iters": 800,
 "ret_seed": 1.0,
 "ret_end": 0.9681052547981044,
 "ret_per_eig_end": [
  0.9546814913723536,
  0.9630989628344429,
  0.9865353101875167
 ],
 "E_seed": 20.59726023788884,
 "E_end": 7.6047329933379775,
 "u_over_3v_end": 0.8152497552397187,
 "core_end": {
  "core_lams": [
   0.2367744380369863,
   0.5701013219619225,
   0.7350354343754273
  ],
  "core_spread": 0.498260996338441,
  "axis_lams": [
   0.37540589959985726,
   0.5922692425039017,
   0.6531942716332502
  ]
 },
 "stop": "max_iter",
 "wall_s": 298.3485469818115
}