{
 "task": "M5.20.1",
 "phase": "B",
 "wscale": 0.0007240238793069094,
 "B0": {
  "ok": true,
  "detail": {
   "pair_1d": {
    "E_by_box": [
     20.919134921552093,
     20.919134921552093,
     20.919134921552093
    ],
    "rel_spread": 0.0
   },
   "pair_d0": {
    "E_by_box": [
     2.6753235896228107,
     2.675323589622811,
     2.6753235896228107
    ],
    "rel_spread": 1.6599457784195518e-16
   }
  }
 },
 "B0b": {
  "ok": true,
  "detail": {
   "d0.1_pair_1d": 0.0,
   "d0.1_pair_d0": 0.0,
   "d0.3_pair_1d": 0.0,
   "d0.3_pair_d0": 0.0,
   "d0.5_pair_1d": 0.0,
   "d0.5_pair_d0": 0.0
  }
 },
 "B1": {
  "ok": true,
  "detail": {
   "d0.1_pair_1d": {
    "ring_locator": [
     17.0,
     -0.0
    ],
    "reads": {
     "3.0": {
      "q": 0.5,
      "mix": 0.0
     },
     "4.0": {
      "q": 0.5,
      "mix": 0.0
     },
     "5.0": {
      "q": 0.5,
      "mix": 0.0
     },
     "6.0": {
      "q": 0.5,
      "mix": 0.0
     }
    },
    "pass": true
   },
   "d0.1_pair_d0": {
    "ring_locator": [
     17.0,
     -0.0
    ],
    "reads": {
     "3.0": {
      "q": 0.5,
      "mix": 0.0
     },
     "4.0": {
      "q": 0.5,
      "mix": 0.0
     },
     "5.0": {
      "q": 0.5,
      "mix": 0.0
     },
     "6.0": {
      "q": 0.5,
      "mix": 0.0
     }
    },
    "pass": true
   },
   "d0.3_pair_1d": {
    "ring_locator": [
     17.0,
     -0.0
    ],
    "reads": {
     "3.0": {
      "q": 0.5,
      "mix": 0.0
     },
     "4.0": {
      "q": 0.5,
      "mix": 0.0
     },
     "5.0": {
      "q": 0.5,
      "mix": 0.0
     },
     "6.0": {
      "q": 0.5,
      "mix": 0.0
     }
    },
    "pass": true
   },
   "d0.3_pair_d0": {
    "ring_locator": [
     17.0,
     -0.0
    ],
    "reads": {
     "3.0": {
      "q": 0.5,
      "mix": 0.0
     },
     "4.0": {
      "q": 0.5,
      "mix": 0.0
     },
     "5.0": {
      "q": 0.5,
      "mix": 0.0
     },
     "6.0": {
      "q": 0.5,
      "mix": 0.0
     }
    },
    "pass": true
   },
   "d0.5_pair_1d": {
    "ring_locator": [
     17.0,
     0.0
    ],
    "reads": {
     "3.0": {
      "q": 0.5,
      "mix": 0.0
     },
     "4.0": {
      "q": 0.5,
      "mix": 0.0
     },
     "5.0": {
      "q": 0.5,
      "mix": 0.0
     },
     "6.0": {
      "q": 0.5,
      "mix": 0.0
     }
    },
    "pass": true
   },
   "d0.5_pair_d0": {
    "ring_locator": [
     17.0,
     0.0
    ],
    "reads": {
     "3.0": {
      "q": 0.5,
      "mix": 0.0
     },
     "4.0": {
      "q": 0.5,
      "mix": 0.0
     },
     "5.0": {
      "q": 0.5,
      "mix": 0.0
     },
     "6.0": {
      "q": 0.5,
      "mix": 0.0
     }
    },
    "pass": true
   }
  }
 },
 "B2": {
  "ok": true,
  "detail": {
   "d0.1_pair_1d": {
    "lam": [
     0.550000000000002,
     0.5499999999999982,
     0.0
    ],
    "gap_top": 3.885780586188048e-15,
    "gap_bot": 0.5499999999999982,
    "equalized": "pair_1d",
    "pass": true
   },
   "d0.1_pair_d0": {
    "lam": [
     1.0,
     0.050000000000000225,
     0.04999999999999978
    ],
    "gap_top": 0.9499999999999997,
    "gap_bot": 4.440892098500626e-16,
    "equalized": "pair_d0",
    "pass": true
   },
   "d0.3_pair_1d": {
    "lam": [
     0.6500000000000017,
     0.6499999999999986,
     0.0
    ],
    "gap_top": 3.1086244689504383e-15,
    "gap_bot": 0.6499999999999986,
    "equalized": "pair_1d",
    "pass": true
   },
   "d0.3_pair_d0": {
    "lam": [
     1.0,
     0.15000000000000063,
     0.14999999999999936
    ],
    "gap_top": 0.8499999999999994,
    "gap_bot": 1.27675647831893e-15,
    "equalized": "pair_d0",
    "pass": true
   },
   "d0.5_pair_1d": {
    "lam": [
     0.7500000000000011,
     0.7499999999999989,
     0.0
    ],
    "gap_top": 2.220446049250313e-15,
    "gap_bot": 0.7499999999999989,
    "equalized": "pair_1d",
    "pass": true
   },
   "d0.5_pair_d0": {
    "lam": [
     1.0,
     0.25000000000000105,
     0.2499999999999989
    ],
    "gap_top": 0.7499999999999989,
    "gap_bot": 2.1649348980190553e-15,
    "equalized": "pair_d0",
    "pass": true
   }
  }
 }
}