{
 "A": [
  0.7725706920235078,
  0.4856268338179683,
  0.04180247666193805
 ],
 "B": [
  1.0049308064799427,
  0.22205961463224805,
  0.07300957888944282
 ],
 "C": [
  0.7729410773450445,
  0.5067009353615847,
  0.02035798747984068
 ]
}