{
 "n": 48,
 "delta": 0.1,
 "bc": "free",
 "iters": 800,
 "ret_seed": 1.0,
 "ret_end": 0.9297295542266406,
 "ret_per_eig_end": [
  0.9395356233396716,
  0.9336400491702123,
  0.9160129901700378
 ],
 "E_seed": 19.846471649554672,
 "E_end": 4.925804716849564,
 "u_over_3v_end": 0.6647510049860865,
 "core_end": {
  "core_lams": [
   0.07344389474424626,
   0.597284814552275,
   0.7778009105976411
  ],
  "core_spread": 0.7043570158533948,
  "axis_lams": [
   -0.005322674423042652,
   0.599693445746561,
   0.8254143429820262
  ]
 },
 "stop": "max_iter",
 "wall_s": 114.6618139743805
}