{
 "task": "M5.20.2",
 "phase": "A",
 "wscale": 0.0007240238793069094,
 "g": 8.0,
 "branch_primary": "g_timelike (M_vac = diag(-g, 1, delta, 0))",
 "GB0": {
  "ok": true,
  "detail": {
   "rel_u": 9.033992626387705e-17,
   "rel_v4_p3_vs_v3": 4.31766246482428e-13,
   "E4": 22.623018794824468,
   "E3": 20.919134921552093,
   "E_p4_addition": 1.7038838732720667
  }
 },
 "GB1": {
  "ok": true,
  "detail": {
   "gradcheck": 6.403367179583604e-08
  }
 },
 "GB2": {
  "ok": true,
  "detail": {
   "d0.1_g_timelike": 0.0,
   "d0.1_one_timelike": 0.0,
   "d0.1_delta_timelike": 0.0,
   "d0.1_zero_timelike": 0.0,
   "d0.3_g_timelike": 0.0,
   "d0.3_one_timelike": 0.0,
   "d0.3_delta_timelike": 0.0,
   "d0.3_zero_timelike": 0.0,
   "d0.5_g_timelike": 0.0,
   "d0.5_one_timelike": 0.0,
   "d0.5_delta_timelike": 0.0,
   "d0.5_zero_timelike": 0.0
  }
 },
 "GB4": {
  "ok": true,
  "detail": {
   "max_pi_of_eta": 0.0,
   "max_pi_on_Jcommuting_uniform": 0.0,
   "max_pi_on_vac4_equivariant_bg": 34.389435416437315
  }
 },
 "GB3": {
  "ok": true,
  "rel_worst": 1.744207199115686e-11
 },
 "gap_map_4x4": [
  {
   "delta": 0.0,
   "eigs": [
    0.0,
    0.0,
    0.0,
    0.0,
    0.0,
    0.0,
    2.0190728014337006e-19,
    0.0026046558412492204,
    0.01722581667566072,
    6127.331994048237
   ],
   "omegas": [
    0.0,
    0.0,
    0.0,
    0.0,
    0.0,
    0.0,
    4.49340939758854e-10,
    0.051035828995414784,
    0.1312471587336683,
    78.27727635813753
   ],
   "n_zero": 7,
   "n_negative": 0,
   "FD_crosscheck_rel": 1.744207199115686e-11
  },
  {
   "delta": 0.1,
   "eigs": [
    0.0,
    0.0,
    0.0,
    0.0,
    0.0,
    0.0,
    1.5160139574983116e-05,
    0.0024855506665189663,
    0.01738889758112984,
    6127.331994160689
   ],
   "omegas": [
    0.0,
    0.0,
    0.0,
    0.0,
    0.0,
    0.0,
    0.003893602390458368,
    0.049855297276407515,
    0.13186696925739153,
    78.27727635885583
   ],
   "n_zero": 6,
   "n_negative": 0,
   "FD_crosscheck_rel": 1.744207199115686e-11
  },
  {
   "delta": 0.3,
   "eigs": [
    0.0,
    0.0,
    0.0,
    0.0,
    0.0,
    0.0,
    8.584444562205136e-05,
    0.0021703053139698414,
    0.01819054336630782,
    6127.332021577531
   ],
   "omegas": [
    0.0,
    0.0,
    0.0,
    0.0,
    0.0,
    0.0,
    0.009265227769572174,
    0.04658653575841244,
    0.1348723224620523,
    78.27727653398227
   ],
   "n_zero": 6,
   "n_negative": 0,
   "FD_crosscheck_rel": 1.744207199115686e-11
  },
  {
   "delta": 0.5,
   "eigs": [
    0.0,
    0.0,
    0.0,
    0.0,
    0.0,
    0.0,
    0.00012816699273881035,
    0.001771015682904183,
    0.02007532463686389,
    6127.3324746000035
   ],
   "omegas": [
    0.0,
    0.0,
    0.0,
    0.0,
    0.0,
    0.0,
    0.011321086199601624,
    0.04208343715648929,
    0.1416874187670306,
    78.27727942768581
   ],
   "n_zero": 6,
   "n_negative": 0,
   "FD_crosscheck_rel": 1.744207199115686e-11
  }
 ],
 "kin_census_seed_d0p3_pair_1d": [
  {
   "cell": [
    17,
    128
   ],
   "eigs": [
    -0.050692289511627374,
    -0.04740399078349406,
    -0.0032882987281333638,
    -1.5113327928778793e-17,
    0.0,
    0.0095025871605562,
    0.047403990783494006,
    0.050692289511627416,
    0.09490833696236795,
    0.10164653265171884
   ],
   "rank": 8,
   "n_negative": 3,
   "max_abs": 0.10164653265171884
  },
  {
   "cell": [
    22,
    128
   ],
   "eigs": [
    -0.011172528844958948,
    -0.00736359913477459,
    -0.003808929710184361,
    -1.1120686082704746e-18,
    0.0,
    0.004933816239777067,
    0.007363599134774586,
    0.009512456287616643,
    0.011172528844958951,
    0.03405277256262645
   ],
   "rank": 8,
   "n_negative": 3,
   "max_abs": 0.03405277256262645
  },
  {
   "cell": [
    80,
    128
   ],
   "eigs": [
    -2.7776706145596227e-05,
    -2.7776706145596227e-05,
    0.0,
    0.0,
    0.0,
    0.0,
    0.0,
    2.7776706145596227e-05,
    2.7776706145596227e-05,
    0.00011110682458238493
   ],
   "rank": 5,
   "n_negative": 2,
   "max_abs": 0.00011110682458238493
  }
 ]
}