{
 "tags": [
  "fjom0.2",
  "fjom0.5",
  "fjom1",
  "t32A",
  "t24A",
  "t48A"
 ],
 "states": {
  "fjom0.2": {
   "tag": "fjom0.2",
   "n": 32,
   "is4d": true,
   "E_lat": 6.740891714696357,
   "E_src": "4d_native",
   "pairings": {
    "mixed": {
     "mu_lat": 3.3776756140804354,
     "S_lat": 37.18221360010632,
     "E_lat": 6.740891714696357,
     "g_first_principles": 0.09745860244256538,
     "g_vs_measured": 0.04867285774180241,
     "g_legacy_4_over_alpha": 49.79403938146678,
     "k_needed_for_2.0023": 1.634945537163375,
     "k_derived": 0.07957747154594767
    },
    "matched": {
     "mu_lat": 3.3776756140804354,
     "S_lat": 109.92492994146926,
     "E_lat": 6.740891714696357,
     "g_first_principles": 0.03296546629701563,
     "g_vs_measured": 0.016463641087121138,
     "g_legacy_4_over_alpha": 16.842881858370344,
     "k_needed_for_2.0023": 4.8335280831770575,
     "k_derived": 0.07957747154594767
    },
    "tilt13_mixed": {
     "mu_lat": 3.374785432124186,
     "S_lat": 37.18221360010632,
     "E_lat": 6.740891714696357,
     "g_first_principles": 0.09737520985948647,
     "g_vs_measured": 0.04863120974735971,
     "g_legacy_4_over_alpha": 49.75143202345135,
     "k_needed_for_2.0023": 1.6363457121333096,
     "k_derived": 0.07957747154594767
    },
    "mixed_mu_total": {
     "mu_lat": 3.279074995064375,
     "S_lat": 37.18221360010632,
     "E_lat": 6.740891714696357,
     "g_first_principles": 0.09461360498655798,
     "g_vs_measured": 0.04725200670370504,
     "g_legacy_4_over_alpha": 48.34045897076788,
     "k_needed_for_2.0023": 1.6841077680560812,
     "k_derived": 0.07957747154594767
    },
    "mixed_S_rigid": {
     "mu_lat": 3.3776756140804354,
     "S_lat": 576.8219558899685,
     "E_lat": 6.740891714696357,
     "g_first_principles": 0.00628222718671713,
     "g_vs_measured": 0.0031374752202194376,
     "g_legacy_4_over_alpha": 3.2097471141458715,
     "k_needed_for_2.0023": 25.36353786417537,
     "k_derived": 0.07957747154594767
    }
   },
   "mu_static_curlB": 0.11807557807869637,
   "mu_native_twist_clock": 1.3010338114956213e-06,
   "J_carried_unitnorm": 0.048219527025020914,
   "om_target": 0.2
  },
  "fjom0.5": {
   "tag": "fjom0.5",
   "n": 32,
   "is4d": true,
   "E_lat": 6.74085386494504,
   "E_src": "4d_native",
   "pairings": {
    "mixed": {
     "mu_lat": 3.375364999571318,
     "S_lat": 37.30409241023465,
     "E_lat": 6.74085386494504,
     "g_first_principles": 0.09707319149245801,
     "g_vs_measured": 0.04848037547880501,
     "g_legacy_4_over_alpha": 49.59740176699617,
     "k_needed_for_2.0023": 1.6414367826160485,
     "k_derived": 0.07957747154594767
    },
    "matched": {
     "mu_lat": 3.375364999571318,
     "S_lat": 109.96406281700209,
     "E_lat": 6.74085386494504,
     "g_first_principles": 0.03293100685100516,
     "g_vs_measured": 0.016446431321420697,
     "g_legacy_4_over_alpha": 16.82537013844758,
     "k_needed_for_2.0023": 4.83858595161017,
     "k_derived": 0.07957747154594767
    },
    "tilt13_mixed": {
     "mu_lat": 3.3724766609493635,
     "S_lat": 37.30409241023465,
     "E_lat": 6.74085386494504,
     "g_first_principles": 0.09699012484687163,
     "g_vs_measured": 0.04843889026434077,
     "g_legacy_4_over_alpha": 49.55496070029956,
     "k_needed_for_2.0023": 1.6428425818939574,
     "k_derived": 0.07957747154594767
    },
    "mixed_mu_total": {
     "mu_lat": 3.2767840752633646,
     "S_lat": 37.30409241023465,
     "E_lat": 6.74085386494504,
     "g_first_principles": 0.09423807145534652,
     "g_vs_measured": 0.04706445742961501,
     "g_legacy_4_over_alpha": 48.14885984335699,
     "k_needed_for_2.0023": 1.6908188448779196,
     "k_derived": 0.07957747154594767
    },
    "mixed_S_rigid": {
     "mu_lat": 3.375364999571318,
     "S_lat": 577.06131394877,
     "E_lat": 6.74085386494504,
     "g_first_principles": 0.006275290369426048,
     "g_vs_measured": 0.0031340108290551106,
     "g_legacy_4_over_alpha": 3.2062209233243024,
     "k_needed_for_2.0023": 25.391575168851574,
     "k_derived": 0.07957747154594767
    }
   },
   "mu_static_curlB": 0.11807578213724043,
   "mu_native_twist_clock": 1.4425968947299117e-06,
   "J_carried_unitnorm": 0.12054881756255227,
   "om_target": 0.5
  },
  "fjom1": {
   "tag": "fjom1",
   "n": 32,
   "is4d": true,
   "E_lat": 6.740802024640798,
   "E_src": "4d_native",
   "pairings": {
    "mixed": {
     "mu_lat": 3.3867799336715954,
     "S_lat": 37.75275848966706,
     "E_lat": 6.740802024640798,
     "g_first_principles": 0.09624318615594216,
     "g_vs_measured": 0.04806585351094711,
     "g_legacy_4_over_alpha": 49.17370705304812,
     "k_needed_for_2.0023": 1.655592603339993,
     "k_derived": 0.07957747154594767
    },
    "matched": {
     "mu_lat": 3.3867799336715954,
     "S_lat": 110.10696132985386,
     "E_lat": 6.740802024640798,
     "g_first_principles": 0.032999237462710704,
     "g_vs_measured": 0.01648050711128375,
     "g_legacy_4_over_alpha": 16.86036072554857,
     "k_needed_for_2.0023": 4.82858148773002,
     "k_derived": 0.07957747154594767
    },
    "tilt13_mixed": {
     "mu_lat": 3.3840483605090963,
     "S_lat": 37.75275848966706,
     "E_lat": 6.740802024640798,
     "g_first_principles": 0.09616556218582138,
     "g_vs_measured": 0.04802708648207176,
     "g_legacy_4_over_alpha": 49.13404649608329,
     "k_needed_for_2.0023": 1.6569289826825846,
     "k_derived": 0.07957747154594767
    },
    "mixed_mu_total": {
     "mu_lat": 3.2886681214163764,
     "S_lat": 37.75275848966706,
     "E_lat": 6.740802024640798,
     "g_first_principles": 0.09345511205726895,
     "g_vs_measured": 0.046673431184161764,
     "g_legacy_4_over_alpha": 47.74919125669653,
     "k_needed_for_2.0023": 1.7049843889118572,
     "k_derived": 0.07957747154594767
    },
    "mixed_S_rigid": {
     "mu_lat": 3.3867799336715954,
     "S_lat": 577.9369842437321,
     "E_lat": 6.740802024640798,
     "g_first_principles": 0.006286923768991789,
     "g_vs_measured": 0.003139820791315246,
     "g_legacy_4_over_alpha": 3.2121894549535344,
     "k_needed_for_2.0023": 25.344590291923414,
     "k_derived": 0.07957747154594767
    }
   },
   "mu_static_curlB": 0.1180776060945187,
   "mu_native_twist_clock": 1.0227491069776298e-06,
   "J_carried_unitnorm": 0.2410976351251046,
   "om_target": 1.0
  },
  "t32A": {
   "tag": "t32A",
   "n": 32,
   "is4d": false,
   "E_lat": 4.767566808218357,
   "E_src": "t32_A",
   "pairings": {
    "mixed": {
     "mu_lat": 0.018245417515429206,
     "S_lat": 16.20668362638778,
     "E_lat": 4.767566808218357,
     "g_first_principles": 0.0008542334447960721,
     "g_vs_measured": 0.0004266219902070924,
     "g_legacy_4_over_alpha": 0.617098247621241,
     "k_needed_for_2.0023": 186.52923049587505,
     "k_derived": 0.07957747154594767
    },
    "matched": {
     "mu_lat": 0.018245417515429206,
     "S_lat": 93.5599804556743,
     "E_lat": 4.767566808218357,
     "g_first_principles": 0.0001479723607835543,
     "g_vs_measured": 7.390048169817586e-05,
     "g_legacy_4_over_alpha": 0.10689523466001538,
     "k_needed_for_2.0023": 1076.8193889582174,
     "k_derived": 0.07957747154594767
    },
    "tilt13_mixed": {
     "mu_lat": 0.002269590857111245,
     "S_lat": 16.20668362638778,
     "E_lat": 4.767566808218357,
     "g_first_principles": 0.00010626012885198704,
     "g_vs_measured": 5.3068523512702014e-05,
     "g_legacy_4_over_alpha": 0.07676231796593079,
     "k_needed_for_2.0023": 1499.5229992954432,
     "k_derived": 0.07957747154594767
    },
    "mixed_mu_total": {
     "mu_lat": 0.018161850836159923,
     "S_lat": 16.20668362638778,
     "E_lat": 4.767566808218357,
     "g_first_principles": 0.0008503209307501752,
     "g_vs_measured": 0.00042466799912989665,
     "g_legacy_4_over_alpha": 0.6142718474419635,
     "k_needed_for_2.0023": 187.38749260362016,
     "k_derived": 0.07957747154594767
    },
    "mixed_S_rigid": {
     "mu_lat": 0.018245417515429206,
     "S_lat": 440.39169514213893,