{
 "recipe": {
  "U": 0.3438442096192527,
  "generators": {
   "J12": {
    "Q2": 68.71097614890616,
    "periodic_closure": true,
    "root_omega": null
   },
   "J13": {
    "Q2": 3187.145782058103,
    "periodic_closure": true,
    "root_omega": null
   },
   "J23": {
    "Q2": 19046.030549149196,
    "periodic_closure": true,
    "root_omega": null
   },
   "K1": {
    "Q2": -2422918.4524029903,
    "periodic_closure": false,
    "root_omega": null
   },
   "K2": {
    "Q2": -1855514.0408310958,
    "periodic_closure": false,
    "root_omega": null
   },
   "K3": {
    "Q2": -30188.80776485262,
    "periodic_closure": false,
    "root_omega": null
   }
  },
  "ring_rho": 17.455963336661693,
  "q_r4": 0.49999999999999994
 },
 "remnant": {
  "U": 0.06376667394025085,
  "generators": {
   "J12": {
    "Q2": 13.52116762433848,
    "periodic_closure": true,
    "root_omega": null
   },
   "J13": {
    "Q2": 3050.326164770672,
    "periodic_closure": true,
    "root_omega": null
   },
   "J23": {
    "Q2": 19084.427991711003,
    "periodic_closure": true,
    "root_omega": null
   },
   "K1": {
    "Q2": -2424919.4340180447,
    "periodic_closure": false,
    "root_omega": null
   },
   "K2": {
    "Q2": -1859911.8879303322,
    "periodic_closure": false,
    "root_omega": null
   },
   "K3": {
    "Q2": -2802.360257756925,
    "periodic_closure": false,
    "root_omega": null
   }
  },
  "ring_rho": 21.777984427870635,
  "q_r4": 7.067899292141149e-17
 }
}