{
 "start": {
  "kin0": 0.296955480141499,
  "J": 0.593910960282998,
  "om_target": 1.0,
  "E_u0": 4.87720346508467,
  "E_v0": 1.9189264815853249,
  "spec_core0": [
   0.025792406253663233,
   0.28277246618294005,
   0.9934593523364461,
   8.000012397766113
  ],
  "twist0": {
   "b": 0.0,
   "d": 0.17066394103681293,
   "k_star": -0.0
  }
 },
 "hist": [
  {
   "iter": 300,
   "kin": 0.296955480141499,
   "omega_star": 1.0,
   "E_rot": 0.296955480141499,
   "E_u": 4.878524943782528,
   "E_v": 1.9039274045587558,
   "fire_stop": "max_iter"
  },
  {
   "iter": 600,
   "kin": 0.2985944749605409,
   "omega_star": 0.9945109673604693,
   "E_rot": 0.2953254818185148,
   "E_u": 4.87996066511798,
   "E_v": 1.8882039057499445,
   "fire_stop": "max_iter"
  },
  {
   "iter": 900,
   "kin": 0.30031160195588646,
   "omega_star": 0.9888245349412759,
   "E_rot": 0.29363686454918103,
   "E_u": 4.881410846018425,
   "E_v": 1.8727692774444902,
   "fire_stop": "max_iter"
  },
  {
   "iter": 1200,
   "kin": 0.30199467449781875,
   "omega_star": 0.9833136317231442,
   "E_rot": 0.29200037163802744,
   "E_u": 4.882876400561506,
   "E_v": 1.8575341225165412,
   "fire_stop": "max_iter"
  }
 ],
 "stop": "maxit",
 "final": {
  "kin_final": 0.30365475354448007,
  "omega_star_final": 0.9779378609266535,
  "E_u": 4.882876400561506,
  "E_v": 1.8575341225165412,
  "spec_core": [
   0.02522369896333881,
   0.2834416864646909,
   0.9937291961390551,
   8.000011869040073
  ],
  "twist": {
   "b": 0.0,
   "d": 0.17491606421816344,
   "k_star": -0.0
  },
  "rel_move_from_start": 0.0001250973445516687
 }
}