{
 "seed": "A",
 "term": "T1",
 "stencil": "sym",
 "eps": 0.003,
 "n": 32,
 "L": 48.0,
 "h": 1.5,
 "delta": 0.3,
 "bc": "pinned",
 "maxit": 6000,
 "aring": 4.0,
 "shift": 0.3,
 "w2": 0.000724023879,
 "wdet": 0.000724023879,
 "tag": "i1_A_sym_e0.003",
 "E_end": 7.069340906333203,
 "E_u": 4.0894494147022,
 "E_d": 2.061625215841626,
 "E_v": 0.9182662757893764,
 "E_seed": 22.10290050628593,
 "virial_resid": 0.1028348523772961,
 "u_over_3v": 1.4844820514930903,
 "r_half": 17.282577932704367,
 "retention": {
  "per_eig": [
   0.7860014721064669,
   0.45243894924664696,
   0.5759446274384589
  ],
  "mean": 0.6047950162638576
 },
 "ring": {
  "vmax_rho": 1.0606601717798212,
  "vmax_z": 15.75,
  "vmax_r": 15.785673884886892,
  "n_hi": 396,
  "rho_w": 3.9821762086806296,
  "z_rms_w": 14.801287781653452
 },
 "ring_seed": {
  "vmax_rho": 1.0606601717798212,
  "vmax_z": -0.75,
  "vmax_r": 1.2990381056766578,
  "n_hi": 56,
  "rho_w": 2.013212222338284,
  "z_rms_w": 1.5151329564476441
 },
 "consistency": {
  "E_u_fwd": 4.0894494147022,
  "E_u_bwd": 4.0894494147022,
  "E_u_2h": 3.7100811278160184,
  "E_u_sub0": 3.773455044788202,
  "E_u_sub1": 3.6756930560788206,
  "xstencil_ratio": 1.1125655358896505
 },
 "min_gap_end": 0.003253230219540354,
 "stop": "f_tol",
 "trace": [
  {
   "it": 500,
   "E": 7.501512544561258,
   "E_u": 3.985765072395273,
   "E_d": 1.9674845032327972,
   "E_v": 1.548262968933188,
   "fmax": 8.346206111485598e-05,
   "dt": 0.2
  },
  {
   "it": 1000,
   "E": 7.0834315765631315,
   "E_u": 4.068839108080717,
   "E_d": 2.0613129082040427,
   "E_v": 0.9532795602783711,
   "fmax": 8.025469890838542e-05,
   "dt": 0.2
  },
  {
   "it": 1500,
   "E": 7.069340913711145,
   "E_u": 4.0894562412434095,
   "E_d": 2.061616173872612,
   "E_v": 0.9182684985951238,
   "fmax": 7.653629529012242e-08,
   "dt": 0.1948717100000001
  }
 ],
 "wall_s": 153.10005402565002
}