{
 "prediction": "(g, 1, a, a) with a ~ delta/2 = 0.15 (Duda 2026-07-12 evening)",
 "64x128": {
  "E_after_500": 0.3438442096192527,
  "q": 0.49999999999999994,
  "core_lam_spatial": [
   1.0143936327852847,
   0.13753495300072163,
   0.11618600743118868
  ],
  "time_row": -8.0,
  "spectrum_4d": [
   8.0,
   1.0144,
   0.1375,
   0.1162
  ],
  "a_mean": 0.12686048021595514,
  "a_over_deltahalf": 0.8457365347730343,
  "pair_split": 0.021348945569532957
 },
 "128x256": {
  "E_after_500": 0.3438443478397878,
  "q": 0.5,
  "core_lam_spatial": [
   1.0143936331547683,
   0.13753494218304815,
   0.11618600849341676
  ],
  "time_row": -8.0,
  "spectrum_4d": [
   8.0,
   1.0144,
   0.1375,
   0.1162
  ],
  "a_mean": 0.12686047533823247,
  "a_over_deltahalf": 0.8457365022548832,
  "pair_split": 0.021348933689631394
 },
 "grid_shift_rel": 3.844950649294682e-08,
 "gate": {
  "a_within_30pct_of_deltahalf": true,
  "loop_intact_at_read": true
 }
}