{
 "n32": {
  "E_u": 18.783511411775695,
  "E_D_raw": 1045.4553630622383,
  "E_V_T1": 0.18302300532351887,
  "eps_for_5pct": 0.000898341147572145,
  "eps_for_1pct": 0.00017966822951442902,
  "V_T2_raw": 66.35835657131025,
  "w2_match": 0.00275810033250052,
  "V_T3_trace": 0.3787026800710449,
  "V_T3_det_raw": 6.487205498957531,
  "wdet_match": 0.058376858900477405
 },
 "n48": {
  "E_u": 22.213572923982404,
  "E_D_raw": 1067.7517891499808,
  "E_V_T1": 0.18302299958843574,
  "eps_for_5pct": 0.0010402030298477072,
  "eps_for_1pct": 0.00020804060596954144,
  "V_T2_raw": 66.35835657131048,
  "w2_match": 0.002758100246074574,
  "V_T3_trace": 0.37870267012806735,
  "V_T3_det_raw": 6.487207683630338,
  "wdet_match": 0.05837683770841443
 }
}