{
 "seed": "A",
 "term": "T1",
 "stencil": "sym",
 "eps": 0.001,
 "n": 32,
 "L": 48.0,
 "h": 1.5,
 "delta": 0.3,
 "bc": "pinned",
 "maxit": 6000,
 "aring": 4.0,
 "shift": 0.3,
 "w2": 0.000724023879,
 "wdet": 0.000724023879,
 "tag": "i1_A_sym_e0.001",
 "E_end": 5.664882944634644,
 "E_u": 4.154804869274284,
 "E_d": 0.7223673818038707,
 "E_v": 0.7877106935564891,
 "E_seed": 20.011989780161453,
 "virial_resid": -0.1887603710882875,
 "u_over_3v": 1.7581771680308458,
 "r_half": 17.795715776557007,
 "retention": {
  "per_eig": [
   0.7733528233825734,
   0.410962767376317,
   0.5415141589461858
  ],
  "mean": 0.5752765832350254
 },
 "ring": {
  "vmax_rho": 1.0606601717798212,
  "vmax_z": 15.75,
  "vmax_r": 15.785673884886892,
  "n_hi": 232,
  "rho_w": 3.6112511590748704,
  "z_rms_w": 15.227488824028606
 },
 "ring_seed": {
  "vmax_rho": 1.0606601717798212,
  "vmax_z": -0.75,
  "vmax_r": 1.2990381056766578,
  "n_hi": 56,
  "rho_w": 2.013212222338284,
  "z_rms_w": 1.5151329564476441
 },
 "consistency": {
  "E_u_fwd": 4.154804869274284,
  "E_u_bwd": 4.154804869274284,
  "E_u_2h": 3.7701481695912085,
  "E_u_sub0": 3.8511701183645592,
  "E_u_sub1": 3.751428096490438,
  "xstencil_ratio": 1.1075261906688858
 },
 "min_gap_end": 0.00959447918515069,
 "stop": "f_tol",
 "trace": [
  {
   "it": 500,
   "E": 6.078172124823096,
   "E_u": 4.144351018099326,
   "E_d": 0.7017607080236604,
   "E_v": 1.23206039870011,
   "fmax": 0.00016818295149590318,
   "dt": 0.2
  },
  {
   "it": 1000,
   "E": 5.6655428888549055,
   "E_u": 4.15102564109808,
   "E_d": 0.7227493487962628,
   "E_v": 0.7917678989605618,
   "fmax": 1.8400847089636147e-05,
   "dt": 0.2
  },
  {
   "it": 1500,
   "E": 5.664883000906965,
   "E_u": 4.15476921377921,
   "E_d": 0.7223697217339238,
   "E_v": 0.7877440653938311,
   "fmax": 1.6294011184373892e-07,
   "dt": 0.2
  }
 ],
 "wall_s": 159.32050037384033
}