{
 "dl": -0.3,
 "m": -0.15,
 "prof": "tanh",
 "rc": 3.0,
 "E0": -6.535120516669062,
 "E_end": Infinity,
 "E_u_end": -6.330701827714909e+266,
 "E_v_end": Infinity,
 "rel_move": 2.95561364506271e+64,
 "kin_end": 1.0296983118746051e+134,
 "stop": "non-finite",
 "finite": true
}