{
 "seed": "A",
 "term": "T2",
 "stencil": "sym",
 "eps": 0.0,
 "n": 24,
 "L": 36.0,
 "h": 1.5,
 "delta": 0.3,
 "bc": "pinned",
 "maxit": 16000,
 "tag": "t24_A",
 "E_end": 5.180830724833012,
 "E_u": 4.4758425443974375,
 "E_d": 0.0,
 "E_v": 0.7049881804355743,
 "E_seed": 17.13143230888593,
 "r_half": 9.33742469849155,
 "min_gap_end": 0.02777271375460566,
 "stop": "f_tol",
 "trace": [
  {
   "it": 500,
   "E": 5.18090039714368,
   "E_u": 4.475655321007675,
   "E_d": 0.0,
   "E_v": 0.7052450761360051,
   "fmax": 6.43330870497873e-05,
   "dt": 0.2
  },
  {
   "it": 1000,
   "E": 5.180830725384655,
   "E_u": 4.4758426417915,
   "E_d": 0.0,
   "E_v": 0.7049880835931546,
   "fmax": 6.28969056389042e-08,
   "dt": 0.2
  }
 ],
 "wall_s": 44.821773052215576
}