{
 "n": 48,
 "delta": 0.3,
 "bc": "free",
 "iters": 800,
 "ret_seed": 1.0,
 "ret_end": 0.9165652060776569,
 "ret_per_eig_end": [
  0.9237031380208642,
  0.9364965680683862,
  0.8894959121437203
 ],
 "E_seed": 17.81071722331168,
 "E_end": 2.1221505443412436,
 "u_over_3v_end": 0.7817404950201828,
 "core_end": {
  "core_lams": [
   -0.021107668004999365,
   0.7034793829353652,
   0.7916595770601839
  ],
  "core_spread": 0.8127672450651833,
  "axis_lams": [
   -0.04503301521076232,
   0.6979938362648612,
   0.8055313242443409
  ]
 },
 "stop": "max_iter",
 "wall_s": 115.05500793457031
}