{
 "steps": 400,
 "dt": 0.005,
 "E0": 6.782628177561814,
 "KE0": 0.06737185173401603,
 "E1": 6.721881685071557,
 "KE1": 0.12811819162581173,
 "etot_drift_rel": 2.2277147622486464e-08,
 "GL4a_pass": true,
 "j0": {
  "x": -0.016818221525895974,
  "y": 0.002937582731556982,
  "z": 0.00021807448140019752
 },
 "j1": {
  "x": -0.016875308410527135,
  "y": 0.002940212691176185,
  "z": 0.00021917332919694067
 }
}