{
  "phase": "P1b'-single",
  "ok": true,
  "J": 8.258374283384466,
  "target": 8.58285825563027,
  "rel_err": -0.03780605045329116,
  "ad_gradcheck_max_rel": 1.950237647659786e-06
}