{
  "phase": "P2-hopfion-AD",
  "verdict": "expanded_curvature_dropped",
  "N": 32,
  "R0": 6.0,
  "iters": 600,
  "Ecurv_init": 65.29867955123952,
  "Ecurv_final": 0.10006039887839815,
  "curv_retention": 0.001532349498734983,
  "E_init": -22747.782920449197,
  "E_final": -22812.981199466212,
  "ad_minimizer_monotone": true,
  "ampdev_final": 1.3964465839899631e-05,
  "gnorm_final": 0.005676671970713988,
  "track": {
    "iter": [
      0,
      50,
      100,
      150,
      200,
      250,
      300,
      350,
      400,
      450,
      500,
      550,
      599
    ],
    "Ecurv": [
      65.25335497810173,
      5.90900246092245,
      2.092607102507659,
      1.2467934001631304,
      0.8249473434819481,
      0.5461632536747089,
      0.3595951645427025,
      0.2493215938284281,
      0.19527646344188967,
      0.18184044120040185,
      0.15034914471374483,
      0.12027780397842856,
      0.10006039887839815
    ],
    "E": [
      -22747.782920449197,
      -22806.78623769529,
      -22810.95880380521,
      -22811.82323151518,
      -22812.249756027362,
      -22812.53000932201,
      -22812.718787954404,
      -22812.8301534042,
      -22812.88559983755,
      -22812.89937479357,
      -22812.930565873106,
      -22812.96082000532,
      -22812.981199466212
    ],
    "coreR": [
      6.041522986797286,
      6.041522986797286,
      6.041522986797286,
      6.041522986797286,
      6.041522986797286,
      6.041522986797286,
      6.041522986797286,
      6.041522986797286,
      6.041522986797286,
      6.041522986797286,
      6.041522986797286,
      6.041522986797286,
      6.041522986797286
    ],
    "ampdev": [
      0.0003060692111744867,
      0.01554708924153303,
      0.005211823681729344,
      0.004969780892256637,
      0.0011814360581559047,
      0.003008780195675298,
      0.0006597468653160021,
      0.0012480594182171512,
      0.0016927657646397254,
      0.0005474184499241197,
      8.314045602464404e-05,
      1.9512929282372582e-05,
      1.3964465839899631e-05
    ],
    "gnorm": [
      10.647324720305397,
      1.4491397960806367,
      0.19867313382788976,
      0.0969043321489856,
      0.06361804842036649,
      0.09196876758074769,
      0.06237475636144528,
      0.07458146505593588,
      0.04199024214449019,
      0.030732575364359586,
      0.014612526143417862,
      0.008244470459896873,
      0.005676671970713988
    ]
  },
  "note": "smooth Hopfion, uniaxial (Tr2=vacuum everywhere -> E_pot~0). Under the 4th-order-only functional (no Frank term) Derrick predicts expansion; stable neutrino needs a knotted SINGULAR disclination (melt for lambda^3 + knotting for protection) = Duda's chiral nematic vortex knot."
}