{
 "ledger_native": {
  "H": 0.4955501077045684,
  "Q_J": 0.2934035946927353,
  "HQ": 1.688970812452143,
  "tail": 0.08064244208614693
 },
 "ref_1d": {
  "Q_J": 0.29335404930164344,
  "H_bench": 0.49523966724158824,
  "HQ": 1.6881978224624896,
  "E_omega": 0.08157782859113856,
  "Q_can": 0.5465120354037514
 },
 "runs": [
  {
   "N": 96,
   "h": 0.3,
   "Q_J": 0.2935060276541419,
   "H_bench": 0.4905112239372452,
   "HQ": 1.671213459763245,
   "E_omega_win": 0.5593765701888894,
   "Q_can_win": 0.5467603846068619,
   "identity_S_wQ_E": 1.8429106605502895e-16,
   "taichi_twin_rel": 4.551035643959607e-14,
   "residual_sup": 4.301008370909522e-05,
   "residual_rel": 0.004456087744270519
  },
  {
   "N": 144,
   "h": 0.2,
   "Q_J": 0.29346663861566774,
   "H_bench": 0.4933781583929322,
   "HQ": 1.6812069703059989,
   "E_omega_win": 0.5600597942262024,
   "Q_can_win": 0.5467134214037477,
   "identity_S_wQ_E": 3.6565214720577026e-16,
   "taichi_twin_rel": 1.731728742609434e-15,
   "residual_sup": 5.8087658991584894e-06,
   "residual_rel": 0.0010657837317081724
  },
  {
   "N": 192,
   "h": 0.15,
   "Q_J": 0.2934389458825977,
   "H_bench": 0.4943181077961765,
   "HQ": 1.6845688506322154,
   "E_omega_win": 0.5602585316706208,
   "Q_can_win": 0.5466695869480195,
   "identity_S_wQ_E": 1.8338537003940802e-16,
   "taichi_twin_rel": 2.1393794434515154e-14,
   "residual_sup": 1.3894279082967646e-06,
   "residual_rel": 0.000362657700923172
  }
 ],
 "HQ_extrap_h2": 1.6888912681944939,
 "HQ_extrap_dev_vs_ref": 0.0004107609444683469,
 "HQ_extrap_dev_vs_ledger": 4.7096289090720056e-05
}