{
 "E_w": 6.358028005623311,
 "E_real_avg": 6.358028005623193,
 "E_avg_gate_dev": -1.8540724511240114e-14,
 "E_real_min": -0.4831065607551597,
 "E_real_max": 13.200770121404814,
 "residual": {
  "alpha": -1.9783115596897143,
  "beta": -0.786481171368726,
  "alpha_expected": -2.0,
  "rel_norm_res": 0.9329351100699887,
  "rel_norm_rest": 0.12162117867662595
 },
 "sector_norms": {
  "avc": 4.768694637084899,
  "avs": 0.0,
  "jvc": 1.9133979463371846,
  "jvs": 0.0
 },
 "rayleigh": {
  "Ac": {
   "w2": 0.11878870498040749,
   "w": 0.3446573733150177
  },
  "As": {
   "w2": null,
   "w": null,
   "note": "zero sector"
  },
  "Jc": {
   "w2": -0.9982435452759013,
   "w": null
  },
  "Js": {
   "w2": null,
   "w": null,
   "note": "zero sector"
  }
 },
 "J_leakage": {
  "res_w_rel": 2.003905269134221,
  "res_3w_rel": 0.002185693515323134
 }
}