{
 "E_w": 6.336692147941813,
 "dt02": {
  "E_t0": -0.417298508139216,
  "drift_early": 0.5898613025079233,
  "clock_early": {
   "omega_fit": 0.0,
   "omega_windows": [
    0.0,
    0.0,
    0.0,
    0.0,
    0.0,
    0.0
   ],
   "omega_fft": 0.6544984694978736,
   "omega_in": 1.0,
   "rel_dev": -1.0
  }
 },
 "dt01": {
  "E_t0": -0.41729850813919384,
  "drift_early": 0.1478437099302435,
  "clock_early": {
   "omega_fit": 0.0,
   "omega_windows": [
    0.0,
    0.0,
    0.0,
    0.0,
    0.0,
    0.0,
    0.0,
    0.0,
    0.0,
    0.0
   ],
   "omega_fft": 0.6637167578006605,
   "omega_in": 1.0,
   "rel_dev": -1.0
  }
 }
}