{
 "N": 48,
 "L": 16.0,
 "t_end": 25.0,
 "amps": [
  1e-06,
  0.0001,
  0.01
 ],
 "runs": [
  {
   "eps": 1e-06,
   "rate_glob": 0.784995370386491,
   "bins": [
    0.15,
    0.3,
    0.44999999999999996,
    0.6,
    0.75,
    0.8999999999999999,
    1.05,
    1.2,
    1.3499999999999999
   ],
   "rates_k": [
    null,
    null,
    0.7506250826149516,
    0.7661780782940333,
    0.7757943241425999,
    0.7856461856521649,
    0.7863748795041355,
    0.7850435686108161,
    0.7854990429479962
   ],
   "t": [
    0.0,
    1.0,
    2.0,
    3.0,
    4.0,
    5.0,
    6.0,
    7.0,
    8.0,
    9.0,
    10.0,
    11.0,
    12.0,
    13.0,
    14.0,
    15.0,
    16.0,
    17.0,
    18.0,
    19.0,
    20.0,
    21.0,
    22.0,
    23.0,
    24.0,
    25.0
   ],
   "A2": [
    6.971192994818343e-09,
    4.869598359131153e-09,
    1.1892740901096856e-08,
    4.247865415003912e-08,
    1.886301919850512e-07,
    8.916542949164188e-07,
    4.26954254948538e-06,
    2.0508179788419914e-05,
    9.857341057191809e-05,
    0.0004740546879661668,
    0.0022806648605762443,
    0.010974669836592203,
    0.05281843844973165,
    0.2542326391839138,
    1.2238236319975373,
    5.891543278561071,
    28.35960113785728,
    136.4148377713335,
    653.8175508009741,
    3082.8711944236525,
    13685.994405424408,
    52689.596828838796,
    168784.8888900176,
    463199.96727326064,
    1120412.522410488,
    2448396.563798552
   ]
  },
  {
   "eps": 0.0001,
   "rate_glob": 0.7559080713699687,
   "bins": [
    0.15,
    0.3,
    0.44999999999999996,
    0.6,
    0.75,
    0.8999999999999999,
    1.05,
    1.2,
    1.3499999999999999
   ],
   "rates_k": [
    null,
    null,
    0.7212536073629404,
    0.7382945861024781,
    0.7467075260926385,
    0.7558108434940013,
    0.7568904776256319,
    0.7551956769005126,
    0.7553492317695051
   ],
   "t": [
    0.0,
    1.0,
    2.0,
    3.0,
    4.0,
    5.0,
    6.0,
    7.0,
    8.0,
    9.0,
    10.0,
    11.0,
    12.0,
    13.0,
    14.0,
    15.0,
    16.0,
    17.0,
    18.0,
    19.0,
    20.0,
    21.0,
    22.0,
    23.0,
    24.0,
    25.0
   ],
   "A2": [
    6.971192994818276e-05,
    4.8695983543684194e-05,
    0.00011892740789225241,
    0.00042478653225383353,
    0.001886301838257371,
    0.008916541921900757,
    0.04269540710284001,
    0.20508140492998292,
    0.9857252321209765,
    4.740342942598861,
    22.80193817227532,
    109.63794140129399,
    525.6934678410084,
    2487.385301806536,
    11181.74649687282,
    44103.72722565907,
    144776.1899832129,
    405129.08427720494,
    995643.1128734355,
    2203859.9402842303,
    4480678.767373798,
    8495800.927080426,
    15201172.072015662,
    25902992.281170122,
    42342272.82336519,
    66783864.88361011
   ]
  },
  {
   "eps": 0.01,
   "rate_glob": 0.38962192759473463,
   "bins": [
    0.15,
    0.3,
    0.44999999999999996,
    0.6,
    0.75,
    0.8999999999999999,
    1.05,
    1.2,
    1.3499999999999999
   ],
   "rates_k": [
    null,
    null,
    0.355308644788206,
    0.3783435124438048,
    0.38321460724484924,
    0.38774299967013853,
    0.3892246909299809,
    0.38605347083848635,
    0.3865114327955079
   ],
   "t": [
    0.0,
    1.0,
    2.0,
    3.0,
    4.0,
    5.0,
    6.0,
    7.0,
    8.0,
    9.0,
    10.0,
    11.0,
    12.0,
    13.0,
    14.0,
    15.0,
    16.0,
    17.0,
    18.0,
    19.0,
    20.0,
    21.0,
    22.0,
    23.0,
    24.0,
    25.0
   ],
   "A2": [
    0.697119299481832,
    0.4869550730510213,
    1.1891622237868087,
    4.246940912946174,
    18.85486414244731,
    89.06293499881943,
    425.1350378878017,
    2013.4747796736767,
    9136.962298500215,
    36837.21095896845,
    123894.10760814609,
    353486.1715793139,
    882717.9951430148,
    1979255.126638628,
    4066645.891075941,
    7778395.16974143,
    14020051.091479912,
    24039992.616263676,
    39508792.757309005,
    62607092.525570445,
    96121939.10867558,
    143551514.02466992,
    209218173.24996114,
    298389743.9344546,
    417409165.2270282,
    573832533.2693467
   ]
  }
 ],
 "analytic": {
  "bins": [
   0.15,
   0.3,
   0.44999999999999996,
   0.6,
   0.75,
   0.8999999999999999,
   1.05,
   1.2,
   1.3499999999999999
  ],
  "rate": [
   0.7717084868976724,
   0.7266594723458127,
   0.6446192587488331,
   0.5079704605091667,
   0.2356565058509841,
   0.0,
   0.0,
   0.0,
   0.0
  ],
  "rate_max": 0.7861513777574233,
  "kstar": 0.7861513777574233
 }
}