{
 "blend_standing": {
  "E": 2.5253956090443666,
  "L_z_A": 0.0,
  "L_z_J": 0.0,
  "L_z_total": 0.0,
  "ceperley_total": 0.0,
  "mu_J_dephased": 3.17281350560444e-16,
  "mu_disp_dephased": 3.2197701437791977e-16,
  "Q_rho": 25.50192764057557
 },
 "blend_m1": {
  "E": 6.324616614943012,
  "L_z_A": 11.27342863830128,
  "L_z_J": 1.827701524119777,
  "L_z_total": 13.101130162421056,
  "ceperley_total": 2.0714504862583047,
  "mu_J_dephased": 36.49132961934586,
  "mu_disp_dephased": 84.15047269805024,
  "Q_rho": 0.025889775830570796,
  "g_sol": 1360.8706152061866,
  "g_sol_disp": 3138.222332402364
 },
 "fleury_m1": {
  "E": 2.527296774147878,
  "L_z_A": 0.0032133972850818004,
  "L_z_J": 0.0010254995089220514,
  "L_z_total": 0.004238896794003852,
  "ceperley_total": 0.0016772453624616641,
  "mu_J_dephased": 35.32049853572711,
  "mu_disp_dephased": 57.22374863989444,
  "Q_rho": 35.54950769544833,
  "g_sol": 1184.7497615607504,
  "g_sol_disp": 1919.446932158983
 }
}