{
 "N": 64,
 "L": 16.0,
 "n_iter": 1500,
 "E": 6.324616614943192,
 "gnorm": 1.6297555410702924e-07,
 "H_A": -7.88972555836542,
 "H_A_seed": -7.8897258791357565,
 "Q_can": 13.2017,
 "jz_A": 0.9938558585522572,
 "jz_J": 0.9933658876704727,
 "L_z": 13.101130162421057,
 "Q_rho": 0.025889775830571046,
 "E_reference_module": 6.324616614943102,
 "xval_rel": 1.4324061729744515e-14,
 "runtime_s": 565.7549819946289,
 "all_pass": true
}