{
 "N": 48,
 "L": 16.0,
 "n_iter": 1500,
 "E": 6.286595309358979,
 "gnorm": 6.5396396290153e-07,
 "H_A": -7.833357964113835,
 "H_A_seed": -7.833360770841401,
 "Q_can": 13.201699999999999,
 "jz_A": 0.9884929415520826,
 "jz_J": 0.9888273760951982,
 "L_z": 12.999686195226545,
 "Q_rho": 0.029539054501773625,
 "E_reference_module": 6.28659530935901,
 "xval_rel": 4.94484584417666e-15,
 "runtime_s": 201.051824092865,
 "all_pass": true
}