{
 "N": 64,
 "L": 16.0,
 "n_iter": 1500,
 "rungs": {
  "r1p2": {
   "ratio_seeded": 1.2,
   "E": 3.0903156816026476,
   "gnorm": 1.455517820561419e-06,
   "status": "ok",
   "H_A": 1.6963556305044936,
   "Q_can": 13.201699999999999,
   "seed": {
    "U_plus": 6.657753419059656,
    "U_minus": 4.863813398891461,
    "ratio": 1.3688340553066987,
    "asym": 0.1557027831816378,
    "H_A": 1.6963562271841437
   },
   "relaxed": {
    "A": {
     "U_plus": 2.2956236358626203,
     "U_minus": 0.02204683948756739,
     "U_long": 2.434091931494934,
     "U_zero": 0.5716848891599252,
     "U_real": 5.323447296005048,
     "parseval_dev": 0.0
    },
    "J": {
     "U_plus": 0.681566359853364,
     "U_minus": 0.011189799430129604,
     "U_long": 0.9250377454203396,
     "U_zero": 0.20928277076062365,
     "U_real": 1.827076675464457,
     "parseval_dev": 0.0
    },
    "H_A": 1.6963556305044936,
    "Q_can": 13.201699999999999,
    "ratio_A": 104.12484007774283,
    "asym_A": 0.9809750007845819,
    "beltrami_id": 1.3402713178125831,
    "budget": {
     "U_quad_A": 5.323447296005048,
     "U_quad_J": 1.827076675464457,
     "coupling": -5.764683036008399,
     "quartic": 1.7044747461415244,
     "E_sum": 3.0903156816026303
    },
    "r50": 5.330835298168909,
    "align": 0.7074208954542203,
    "jz_A": 0.4993773751512933,
    "jz_J": 0.4675773531248631
   },
   "overlaps": {
    "plus": 0.30872425392380415,
    "minus": 0.08959195587226118
   },
   "wall_s": 643.7862131595612
  },
  "r1p5": {
   "ratio_seeded": 1.5,
   "E": 3.7386094353624277,
   "gnorm": 8.672483543920007e-08,
   "status": "ok",
   "H_A": 3.6181024207604624,
   "Q_can": 13.201699999999999,
   "seed": {
    "U_plus": 7.67390126265143,
    "U_minus": 3.847665555299689,
    "ratio": 1.994430428622251,
    "asym": 0.3320933487440523,
    "H_A": 3.618102442595552
   },
   "relaxed": {
    "A": {
     "U_plus": 4.82043245753047,
     "U_minus": 0.026179546274551713,
     "U_long": 0.21965450983262277,
     "U_zero": 0.9029151042938114,
     "U_real": 5.969181617931454,
     "parseval_dev": 1.487940016822461e-16
    },
    "J": {
     "U_plus": 1.3819030912376464,
     "U_minus": 0.013843760109866193,
     "U_long": 0.07818725620068204,
     "U_zero": 0.3280433407657253,
     "U_real": 1.8019774483139204,
     "parseval_dev": 2.4644548702071125e-16
    },
    "H_A": 3.6181024207604624,
    "Q_can": 13.201699999999999,
    "ratio_A": 184.1297174128742,
    "asym_A": 0.9891967641502978,
    "beltrami_id": 1.3250738519028018,
    "budget": {
     "U_quad_A": 5.969181617931454,
     "U_quad_J": 1.8019774483139204,
     "coupling": -5.579389284407352,
     "quartic": 1.5468396535243878,
     "E_sum": 3.7386094353624104
    },
    "r50": 4.777346525353447,
    "align": 0.7553513119542987,
    "jz_A": 0.9399625387304616,
    "jz_J": 0.9347462288767445
   },
   "overlaps": {
    "plus": 0.3466890728282357,
    "minus": 0.007904110852428373
   },
   "wall_s": 640.4723789691925
  },
  "rsq3": {
   "ratio_seeded": 1.7320508075688772,
   "E": 4.211018881239473,
   "gnorm": 4.301789050454837e-07,
   "status": "ok",
   "H_A": 4.703532438527835,
   "Q_can": 13.2017,
   "seed": {
    "U_plus": 8.24783661875419,
    "U_minus": 3.273730199196927,
    "ratio": 2.5194002305924457,
    "asym": 0.4317213533672679,
    "H_A": 4.703533175374218
   },
   "relaxed": {
    "A": {
     "U_plus": 5.965890968002181,
     "U_minus": 0.011292526845649718,
     "U_long": 0.1396035053077418,
     "U_zero": 0.38289399700409693,
     "U_real": 6.49968099715967,
     "parseval_dev": 0.0
    },
    "J": {
     "U_plus": 1.4942539782300508,
     "U_minus": 0.0046747321107859525,
     "U_long": 0.04759232664233614,
     "U_zero": 0.1358744450878392,
     "U_real": 1.6823954820710125,
     "parseval_dev": 2.639624360518331e-16
    },
    "H_A": 4.703532438527835,
    "Q_can": 13.2017,
    "ratio_A": 528.304342291686,
    "asym_A": 0.9962214555215232,
    "beltrami_id": 1.2659843466542071,
    "budget": {
     "U_quad_A": 6.49968099715967,
     "U_quad_J": 1.6823954820710125,
     "coupling": -5.348382665348353,
     "quartic": 1.3773250673571318,
     "E_sum": 4.211018881239461
    },
    "r50": 4.374720811176273,
    "align": 0.8611240484004997,
    "jz_A": 0.9752919552490315,
    "jz_J": 0.9749668424081441
   },
   "overlaps": {
    "plus": 0.45484791939669256,
    "minus": 0.0034208418253275476
   },
   "wall_s": 613.7107079029083
  },
  "r2p0": {
   "ratio_seeded": 2.0,
   "E": 4.732653733109933,
   "gnorm": 6.033344017613399e-08,
   "status": "ok",
   "H_A": 5.644239795897818,
   "Q_can": 13.201699999999999,
   "seed": {
    "U_plus": 8.74524726070992,
    "U_minus": 2.7763195572412007,
    "ratio": 3.149942605814433,
    "asym": 0.5180656240407217,
    "H_A": 5.644239810449061
   },
   "relaxed": {
    "A": {
     "U_plus": 6.827384123782642,
     "U_minus": 0.01060717683709488,
     "U_long": 0.08037570543979157,
     "U_zero": 0.1305595841157254,
     "U_real": 7.048926590175253,
     "parseval_dev": 1.2600193920845514e-16
    },
    "J": {
     "U_plus": 1.496620169011176,
     "U_minus": 0.003821991487196973,
     "U_long": 0.02668727686369966,
     "U_zero": 0.046738914352816914,
     "U_real": 1.5738683517148897,
     "parseval_dev": 1.410820699730642e-16
    },
    "H_A": 5.644239795897818,
    "Q_can": 13.201699999999999,
    "ratio_A": 643.6570473593182,
    "asym_A": 0.9968975752174083,
    "beltrami_id": 1.207740491801911,
    "budget": {
     "U_quad_A": 7.048926590175253,
     "U_quad_J": 1.5738683517148897,
     "coupling": -5.117250761208292,
     "quartic": 1.22710955242809,
     "E_sum": 4.732653733109942
    },
    "r50": 4.062864293256714,
    "align": 0.9130028279809519,
    "jz_A": 0.9915036016890519,
    "jz_J": 0.9932699659399499
   },
   "overlaps": {
    "plus": 0.5266976990123372,
    "minus": 0.001000694957069471
   },
   "wall_s": 596.2179772853851
  },
  "r2p5": {
   "ratio_seeded": 2.5,
   "E": 5.5065970274341645,
   "gnorm": 4.791731706803871e-07,
   "status": "ok",
   "H_A": 6.812012588784684,
   "Q_can": 13.2017,
   "seed": {
    "U_plus": 9.362722540379096,
    "U_minus": 2.158844277572024,
    "ratio": 4.33691426363972,
    "asym": 0.6252516152215604,
    "H_A": 6.812013564335074
   },
   "relaxed": {
    "A": {
     "U_plus": 7.764869914605518,
     "U_minus": 0.0072108425040233815,
     "U_long": 0.031530874902512857,
     "U_zero": 0.014841468814450639,
     "U_real": 7.818453100826505,
     "parseval_dev": 0.0
    },
    "J": {
     "U_plus": 1.4329906932624903,
     "U_minus": 0.0027508224303097535,
     "U_long": 0.010401352467873024,
     "U_zero": 0.006182069928328521,
     "U_real": 1.4523249380890015,
     "parseval_dev": 0.0
    },
    "H_A": 6.812012588784684,
    "Q_can": 13.2017,
    "ratio_A": 1076.832549077727,
    "asym_A": 0.9981444241949166,
    "beltrami_id": 1.1388204250934186,
    "budget": {
     "U_quad_A": 7.818453100826505,
     "U_quad_J": 1.4523249380890015,
     "coupling": -4.821689617826346,
     "quartic": 1.0575086063450194,
     "E_sum": 5.5065970274341804
    },
    "r50": 3.7011634169187992,
    "align": 0.9455977849751822,
    "jz_A": 0.9902259222089607,
    "jz_J": 0.9917036704722832
   },
   "overlaps": {
    "plus": 0.5589078208086662,
    "minus": 5.166584663026498e-05
   },
   "wall_s": 644.8014080524445
  }
 }
}