{
 "N": 96,
 "L": 16.0,
 "rsq3": {
  "ratio_seeded": 1.7320508075688772,
  "E": 4.187177736230391,
  "gnorm": 1.1311602260139098e-07,
  "status": "ok",
  "H_A": 4.6911199688946725,
  "Q_can": 13.201700000000002,
  "seed": {
   "U_plus": 8.302793772242019,
   "U_minus": 3.335301562589165,
   "ratio": 2.489368237454557,
   "asym": 0.42683034179878626,
   "H_A": 4.691120014494785
  },
  "relaxed": {
   "A": {
    "U_plus": 5.98276392193595,
    "U_minus": 0.011854392167824891,
    "U_long": 0.11436487882047133,
    "U_zero": 0.37284553697738276,
    "U_real": 6.4818287299016255,
    "parseval_dev": 5.481036026779468e-16
   },
   "J": {
    "U_plus": 1.4995395012299124,
    "U_minus": 0.0048013718610394026,
    "U_long": 0.03878431489670187,
    "U_zero": 0.13324025230568062,
    "U_real": 1.6763654402933346,
    "parseval_dev": 1.3245596669314382e-16
   },
   "H_A": 4.6911199688946725,
   "Q_can": 13.201700000000002,
   "ratio_A": 504.68753161164403,
   "asym_A": 0.9960449885057954,
   "beltrami_id": 1.2728110918840982,
   "budget": {
    "U_quad_A": 6.4818287299016255,
    "U_quad_J": 1.6763654402933346,
    "coupling": -5.346715827434908,
    "quartic": 1.3756993934703208,
    "E_sum": 4.187177736230373
   },
   "r50": 4.456685396583271,
   "align": 0.8204878783085462,
   "jz_A": 0.978302772672165,
   "jz_J": 0.978225756757546
  },
  "overlaps": {
   "plus": 0.4537164876683891,
   "minus": 0.0037326669613128266
  }
 }
}