{
 "N": 48,
 "L": 16.0,
 "rsq3": {
  "ratio_seeded": 1.7320508075688772,
  "E": 4.235371982655519,
  "gnorm": 1.5605467535739514e-06,
  "status": "ok",
  "H_A": 4.713875635823219,
  "Q_can": 13.201699999999999,
  "seed": {
   "U_plus": 8.22330644573868,
   "U_minus": 3.2400709336400038,
   "ratio": 2.5380019802530507,
   "asym": 0.4347091914694314,
   "H_A": 4.713888348815156
  },
  "relaxed": {
   "A": {
    "U_plus": 5.946479069355672,
    "U_minus": 0.011411183174620169,
    "U_long": 0.168825241379336,
    "U_zero": 0.3906957753242433,
    "U_real": 6.5174112692338735,
    "parseval_dev": 2.72555584728208e-16
   },
   "J": {
    "U_plus": 1.4889534299226899,
    "U_minus": 0.004896261952331324,
    "U_long": 0.05766773104853104,
    "U_zero": 0.13776025560223323,
    "U_real": 1.6892776785257857,
    "parseval_dev": 1.314435203564681e-16
   },
   "H_A": 4.713875635823219,
   "Q_can": 13.201699999999999,
   "ratio_A": 521.1097726116035,
   "asym_A": 0.9961693879239303,
   "beltrami_id": 1.2590633153487019,
   "budget": {
    "U_quad_A": 6.5174112692338735,
    "U_quad_J": 1.6892776785257857,
    "coupling": -5.35083147720641,
    "quartic": 1.3795145121022958,
    "E_sum": 4.235371982655545
   },
   "r50": 4.302225694603876,
   "align": 0.8840153926196616,
   "jz_A": 0.9717934006720494,
   "jz_J": 0.970998181881093
  },
  "overlaps": {
   "plus": 0.4580907474372224,
   "minus": 0.003630617942871001
  }
 }
}