{
 "N": 48,
 "L": 16.0,
 "gate_projector_plus": {
  "U_plus": 172.22352102878352,
  "U_minus": 12.030065648839166,
  "U_long": 4.115994900614462,
  "U_zero": 0.9362439545791388,
  "U_real": 189.3058255328163,
  "parseval_dev": 1.5013647546454974e-16,
  "expected_sector_fraction": 0.9347091914694315,
  "H_A": 151.5348935523092
 },
 "gate_projector_minus": {
  "U_plus": 12.030065648839168,
  "U_minus": 172.22352102878352,
  "U_long": 4.115994900614462,
  "U_zero": 0.9362439545791388,
  "U_real": 189.3058255328163,
  "parseval_dev": 1.5013647546454974e-16,
  "expected_sector_fraction": 0.9347091914694315,
  "H_A": -151.53489355230917
 },
 "pair_sqrt3_seed": {
  "U_plus": 8.22330644573868,
  "U_minus": 3.2400709336400038,
  "ratio": 2.5380019802530507,
  "asym": 0.4347091914694314,
  "H_A": 4.713888348815156,
  "Q_can": 13.201699999999999,
  "beltrami_id": 1.0571390629884607
 },
 "gate_div_identity": {
  "rms_div_core": 0.00971866678002579,
  "rms_div_shell": 0.012467066939413315
 }
}