{
 "B1_rossler_equilibria": {
  "pass": true,
  "minus": {
   "computed": [
    0.0070262048340999144,
    -0.03513102417049957,
    0.03513102417049957
   ],
   "published": [
    0.007,
    -0.0351,
    0.0351
   ],
   "f_residual": 6.106226635438361e-15,
   "dev_vs_printed": 3.102417049957035e-05
  },
  "plus": {
   "computed": [
    5.6929737951659005,
    -28.4648689758295,
    28.4648689758295
   ],
   "published": [
    5.6929,
    -28.464,
    28.464
   ],
   "f_residual": 1.3378187446733136e-14,
   "dev_vs_printed": 0.000868975829501295
  }
 },
 "B2_rossler_eigenvalues": {
  "pass": true,
  "minus": {
   "computed": {
    "mu1": -5.686975507342863,
    "mu2": 0.09700085608848116,
    "om2": 0.9951934910299539
   },
   "published": {
    "mu1": -5.686,
    "mu2": 0.097,
    "om2": 0.9951
   },
   "dev": {
    "mu1": 0.0009755073428632244,
    "mu2": 8.560884811603664e-07,
    "om2": 9.349102995392933e-05
   }
  },
  "plus": {
   "computed": {
    "mu1": 0.19298298730797755,
    "mu2": -4.596071038711751e-06,
    "om2": 5.428025931106869
   },
   "published": {
    "mu1": 0.1929,
    "mu2": -4.596e-06,
    "om2": 5.428
   },
   "dev": {
    "mu1": 8.29873079775667e-05,
    "mu2": 7.103871175117779e-11,
    "om2": 2.593110686888167e-05
   }
  }
 },
 "B3_analytic_floquet_ex5p1": {
  "pass": true,
  "T": 6.283185307184356,
  "T_dev": 4.7695181137896725e-12,
  "r_dev": 9.072742557236779e-13,
  "multipliers": [
   3.487342356001122e-06,
   1.0000000000000013
  ],
  "analytic": [
   3.4873423562089973e-06,
   1.0
  ],
  "mult_dev": 1.3322676295501878e-15
 },
 "B4_rossler_cycle_table": {
  "pass": true,
  "matched": 14,
  "of": 14,
  "rows": [
   {
    "itinerary": "1",
    "published": [
     6.091768,
     1.299732,
     -2.403953
    ],
    "point_dev": 3.2513374116642553e-07,
    "Lambda_ours": -2.4039535318552536,
    "Lambda_rel_dev": 2.212419517419796e-07,
    "T": 5.881088455554283,
    "status": "ok"
   },
   {
    "itinerary": "01",
    "published": [
     3.915804,
     3.692833,
     -3.512007
    ],
    "point_dev": 3.894574901235945e-07,
    "Lambda_ours": -3.5120069815598365,
    "Lambda_rel_dev": 5.250605599104454e-09,
    "T": 11.758626071661082,
    "status": "ok"
   },
   {
    "itinerary": "001",
    "published": [
     2.278281,
     7.416481,
     -2.341923
    ],
    "point_dev": 1.963690534453547e-06,
    "Lambda_ours": -2.3419235036574397,
    "Lambda_rel_dev": 2.1506148569117548e-07,
    "T": 17.515791070338512,
    "status": "ok"
   },
   {
    "itinerary": "011",
    "published": [
     2.932877,
     5.670806,
     5.344908
    ],
    "point_dev": 5.599170143366607e-07,
    "Lambda_ours": 5.344908188413898,
    "Lambda_rel_dev": 3.525110213627359e-08,
    "T": 17.59586581523112,
    "status": "ok"
   },
   {
    "itinerary": "0111",
    "published": [
     3.466759,
     4.506218,
     -16.69674
    ],
    "point_dev": 5.641283315749165e-07,
    "Lambda_ours": -16.696740802271457,
    "Lambda_rel_dev": 4.804958681489328e-08,
    "T": 23.508557583153635,
    "status": "ok"
   },
   {
    "itinerary": "01011",
    "published": [
     4.162799,
     3.303903,
     -23.19958
    ],
    "point_dev": 3.748880180926137e-07,
    "Lambda_ours": -23.19958312074095,
    "Lambda_rel_dev": 1.3451713131073908e-07,
    "T": 29.37105474431998,
    "status": "ok"
   },
   {
    "itinerary": "01111",
    "published": [
     3.278914,
     4.890452,
     36.88633
    ],
    "point_dev": 9.835282481101727e-07,
    "Lambda_ours": 36.886329943264556,
    "Lambda_rel_dev": 1.5381157406194085e-09,
    "T": 29.38107000376611,
    "status": "ok"
   },
   {
    "itinerary": "001011",
    "published": [
     2.122094,
     7.886173,
     -6.857665
    ],
    "point_dev": 1.1911127120026362e-07,
    "Lambda_ours": -6.857665190807005,
    "Lambda_rel_dev": 2.7823902868228094e-08,
    "T": 35.06122602304675,
    "status": "ok"
   },
   {
    "itinerary": "010111",
    "published": [
     4.059211,
     3.462266,
     61.64909
    ],
    "point_dev": 8.994578925237103e-07,
    "Lambda_ours": 61.649094347157686,
    "Lambda_rel_dev": 7.051454748954496e-08,
    "T": 35.26787057979118,
    "status": "ok"
   },
   {
    "itinerary": "011111",
    "published": [
     3.361494,
     4.718206,
     -92.08255
    ],
    "point_dev": 6.950859739360351e-07,
    "Lambda_ours": -92.08266918307821,
    "Lambda_rel_dev": 1.2943068823778676e-06,
    "T": 35.266225488209116,
    "status": "ok"
   },
   {
    "itinerary": "0101011",
    "published": [
     3.842769,
     3.815494,
     77.7611
    ],
    "point_dev": 5.792850841274372e-07,
    "Lambda_ours": 77.76110531248544,
    "Lambda_rel_dev": 6.831803358976951e-08,
    "T": 41.125668756900446,
    "status": "ok"
   },
   {
    "itinerary": "0110111",
    "published": [
     3.025957,
     5.451444,
     -95.18388
    ],
    "point_dev": 5.68185731187782e-07,
    "Lambda_ours": -95.1838859931422,
    "Lambda_rel_dev": 6.296383584960102e-08,
    "T": 41.112769769306674,
    "status": "ok"
   },
   {
    "itinerary": "0101111",
    "published": [
     4.102256,
     3.395644,
     -142.238
    ],
    "point_dev": 8.570681909577042e-07,
    "Lambda_ours": -142.23799007134826,
    "Lambda_rel_dev": 6.980308873462632e-08,
    "T": 41.143194893639965,
    "status": "ok"
   },
   {
    "itinerary": "0111111",
    "published": [
     3.327986,
     4.787463,
     218.0284
    ],
    "point_dev": 2.722455168136039e-07,
    "Lambda_ours": 218.02836137630015,
    "Lambda_rel_dev": 1.7714985685745222e-07,
    "T": 41.14572226650067,
    "status": "ok"
   }
  ]
 },
 "B5_counting_tables": {
  "pass": true,
  "Nn_trace_vs_18_2": [
   2,
   4,
   8,
   16,
   32,
   64,
   128,
   256,
   512,
   1024
  ],
  "Mn_mobius": {
   "2": [
    2,
    1,
    2,
    3,
    6,
    9,
    18,
    30,
    56,
    99
   ],
   "3": [
    3,
    3,
    8,
    18,
    48,
    116,
    312,
    810,
    2184,
    5880
   ],
   "4": [
    4,
    6,
    20,
    60,
    204,
    670,
    2340,
    8160,
    29120,
    104754
   ]
  }
 }
}