{
  "task": "M6.4 N4d: root diagnostic",
  "kappa_analytic": 0.4358898943540673,
  "roots": [
    {
      "A0": 0.8297241423223741,
      "B0": 0.14884440333386637,
      "samples": {
        "5": {
          "mag": 2.05184589881699,
          "osc_env": 0.716097625498646
        },
        "10": {
          "mag": 1.20776005665431,
          "osc_env": 0.25885926323068964
        },
        "15": {
          "mag": 1.000924363193867,
          "osc_env": 0.26035050436691887
        },
        "20": {
          "mag": 0.5734848823469831,
          "osc_env": 0.1717959834697137
        },
        "25": {
          "mag": 1.4864767370846836,
          "osc_env": 1.0477696607390286
        },
        "29.5": {
          "mag": 0.3790713730505702,
          "osc_env": 0.18568895230010957
        }
      },
      "tail_env_maxima": {
        "[10,14]": 1.2761717689515004,
        "[14,18]": 0.40903930473382893,
        "[18,24]": 1.0025058897175625,
        "[24,30]": 1.0515080153515792
      },
      "mag_r5": 2.05184589881699,
      "mag_r25": 1.4864767370846836,
      "expected_mag_r25_if_localized": 0.00033577876222345065,
      "localized": false
    },
    {
      "A0": 0.8356257093757916,
      "B0": 0.15012575144205675,
      "samples": {
        "5": {
          "mag": 2.0548985431614253,
          "osc_env": 0.7111921673068078
        },
        "10": {
          "mag": 1.2334347272049249,
          "osc_env": 0.26619653385301134
        },
        "15": {
          "mag": 0.9779821567410156,
          "osc_env": 0.2562280041279736
        },
        "20": {
          "mag": 0.6179205086231196,
          "osc_env": 0.16201580713942554
        },
        "25": {
          "mag": 1.4606459718877902,
          "osc_env": 1.017843398249457
        },
        "29.5": {
          "mag": 0.3516396313640765,
          "osc_env": 0.19332650391687203
        }
      },
      "tail_env_maxima": {
        "[10,14]": 1.2810451147301622,
        "[14,18]": 0.3939757588191565,
        "[18,24]": 1.0122447260976308,
        "[24,30]": 1.031366265182969
      },
      "mag_r5": 2.0548985431614253,
      "mag_r25": 1.4606459718877902,
      "expected_mag_r25_if_localized": 0.0003362783188129947,
      "localized": false
    },
    {
      "A0": 1.0190475618320765,
      "B0": 0.09022087372298898,
      "samples": {
        "5": {
          "mag": 2.0520466868643292,
          "osc_env": 0.5895033476676237
        },
        "10": {
          "mag": 1.714869759139718,
          "osc_env": 0.7568882932339712
        },
        "15": {
          "mag": 0.491629496262495,
          "osc_env": 0.05091925342027938
        },
        "20": {
          "mag": 1.4980496395730163,
          "osc_env": 0.9941670236269781
        },
        "25": {
          "mag": 0.6518665068176306,
          "osc_env": 0.06795044612574783
        },
        "29.5": {
          "mag": 0.3547659531756888,
          "osc_env": 0.10529037622021668
        }
      },
      "tail_env_maxima": {
        "[10,14]": 1.3648341607470647,
        "[14,18]": 0.18737753892698775,
        "[18,24]": 1.2677970237946952,
        "[24,30]": 0.387781263798226
      },
      "mag_r5": 2.0520466868643292,
      "mag_r25": 0.6518665068176306,
      "expected_mag_r25_if_localized": 0.00033581162061795475,
      "localized": false
    }
  ],
  "verdict": "ARTIFACT",
  "explanation": "every refined F-zero keeps O(1) field magnitude and O(1) oscillatory envelope across the whole tail (vs ~1e-9 of core expected for genuine kappa=0.436 decay): the zeros are aliasing artifacts of the cos/sin fit applied to NONLINEAR oscillatory tails, not localized solutions; the aliasing-proof envelope minimization bounds any true decaying state at >= 0.15 everywhere in the window"
}